Unnamed: 0,Age,Employment Type,GraduateOrNot,AnnualIncome,FamilyMembers,ChronicDiseases,FrequentFlyer,EverTravelledAbroad,TravelInsurance
888,28,Private Sector/Self Employed,Yes,1250000,6,1,No,No,0
1308,31,Private Sector/Self Employed,Yes,1250000,7,1,No,No,0
151,29,Private Sector/Self Employed,Yes,1200000,7,0,No,No,1
396,33,Government Sector,Yes,650000,6,1,No,No,1
135,28,Private Sector/Self Employed,Yes,800000,6,0,No,Yes,1
1776,29,Private Sector/Self Employed,Yes,1200000,4,0,No,No,0
310,30,Private Sector/Self Employed,No,550000,8,0,No,No,0
1555,26,Private Sector/Self Employed,Yes,1400000,9,1,No,Yes,1
1431,25,Private Sector/Self Employed,No,1150000,6,0,No,No,1
807,27,Government Sector,Yes,1050000,3,0,Yes,No,1
1902,33,Government Sector,Yes,400000,2,0,No,No,0
1631,33,Government Sector,Yes,1000000,3,0,No,No,0
197,29,Private Sector/Self Employed,Yes,1150000,5,1,Yes,No,0
638,26,Government Sector,Yes,1450000,3,0,Yes,Yes,1
1541,28,Private Sector/Self Employed,Yes,1100000,4,0,No,No,0
1622,34,Private Sector/Self Employed,Yes,1000000,9,0,No,No,1
1353,33,Private Sector/Self Employed,Yes,1200000,2,0,No,No,0
973,26,Private Sector/Self Employed,Yes,1500000,4,0,Yes,Yes,1
1960,28,Government Sector,Yes,300000,6,0,No,No,1
1002,29,Private Sector/Self Employed,Yes,500000,8,0,No,No,0
506,28,Private Sector/Self Employed,Yes,600000,6,0,No,No,0
1258,34,Government Sector,Yes,1300000,7,1,No,No,1
1472,28,Private Sector/Self Employed,Yes,1200000,5,0,No,No,0
462,26,Private Sector/Self Employed,Yes,1250000,6,1,No,No,0
917,28,Government Sector,Yes,300000,6,0,No,No,0
1341,34,Private Sector/Self Employed,Yes,1000000,3,0,No,No,0
796,28,Government Sector,Yes,300000,7,0,No,No,0
0,31,Government Sector,Yes,400000,6,1,No,No,0
499,32,Government Sector,Yes,350000,6,0,No,No,0
171,28,Private Sector/Self Employed,Yes,900000,7,0,No,No,0
141,25,Private Sector/Self Employed,Yes,1400000,3,0,No,Yes,0
1672,28,Private Sector/Self Employed,Yes,1350000,5,0,No,Yes,1
620,29,Private Sector/Self Employed,Yes,1050000,4,0,Yes,No,0
1659,29,Private Sector/Self Employed,Yes,500000,3,0,No,No,0
315,28,Government Sector,Yes,300000,4,0,No,No,0
697,25,Private Sector/Self Employed,Yes,1400000,3,1,No,Yes,1
1358,26,Private Sector/Self Employed,Yes,1500000,4,0,Yes,Yes,1
615,28,Government Sector,Yes,300000,3,1,No,No,0
654,32,Government Sector,Yes,1750000,6,0,No,No,0
1610,33,Private Sector/Self Employed,Yes,550000,5,0,Yes,No,0
1725,28,Private Sector/Self Employed,Yes,700000,3,0,No,No,0
1051,25,Private Sector/Self Employed,No,600000,4,0,Yes,Yes,0
82,28,Private Sector/Self Employed,Yes,1250000,4,1,No,No,0
1462,28,Private Sector/Self Employed,Yes,500000,3,1,No,No,0
665,28,Private Sector/Self Employed,Yes,1250000,6,0,Yes,No,0
35,33,Private Sector/Self Employed,Yes,1400000,4,0,Yes,Yes,0
1059,32,Government Sector,Yes,350000,4,0,No,No,0
607,28,Private Sector/Self Employed,Yes,550000,8,1,No,No,0
1711,28,Private Sector/Self Employed,Yes,1100000,4,0,No,No,0
71,28,Private Sector/Self Employed,Yes,750000,6,0,Yes,No,0
692,31,Government Sector,No,300000,6,0,No,No,0
666,28,Private Sector/Self Employed,Yes,800000,5,0,No,No,0
628,28,Private Sector/Self Employed,Yes,1150000,9,0,No,No,0
708,34,Private Sector/Self Employed,Yes,1000000,3,0,No,No,0
1839,32,Government Sector,Yes,350000,3,0,No,Yes,0
1436,31,Private Sector/Self Employed,Yes,900000,5,0,No,No,0
1609,27,Government Sector,Yes,500000,3,1,No,No,0
350,31,Private Sector/Self Employed,Yes,950000,5,0,Yes,Yes,0
227,34,Private Sector/Self Employed,Yes,1300000,6,1,No,No,0
335,28,Private Sector/Self Employed,Yes,800000,2,0,No,No,1
1290,31,Private Sector/Self Employed,Yes,1400000,5,0,Yes,Yes,1
1175,33,Government Sector,Yes,400000,4,1,No,No,0
402,31,Private Sector/Self Employed,Yes,1250000,3,0,No,No,0
1465,35,Private Sector/Self Employed,No,950000,2,1,No,No,0
1177,34,Private Sector/Self Employed,Yes,700000,2,1,Yes,No,0
1919,28,Government Sector,Yes,300000,6,0,No,No,0
376,31,Government Sector,Yes,1300000,4,0,No,No,0
264,29,Private Sector/Self Employed,Yes,350000,9,1,No,No,0
714,28,Government Sector,Yes,300000,4,0,No,No,0
275,26,Private Sector/Self Employed,Yes,1400000,4,1,No,Yes,1
1129,26,Private Sector/Self Employed,Yes,1500000,2,0,Yes,Yes,1
1536,26,Private Sector/Self Employed,Yes,600000,7,1,No,No,0
1682,30,Private Sector/Self Employed,No,800000,3,0,No,No,0
6,31,Government Sector,Yes,1300000,4,0,No,No,0
974,26,Private Sector/Self Employed,Yes,1500000,4,0,Yes,Yes,1
503,31,Government Sector,Yes,1300000,5,0,No,No,0
450,31,Private Sector/Self Employed,Yes,1250000,6,0,No,Yes,0
1588,31,Private Sector/Self Employed,Yes,900000,5,1,Yes,No,0
273,34,Private Sector/Self Employed,Yes,1000000,6,0,Yes,No,1
1146,29,Private Sector/Self Employed,Yes,1200000,4,0,No,No,0
1017,28,Government Sector,Yes,300000,3,1,No,No,0
1115,34,Private Sector/Self Employed,Yes,700000,2,0,No,No,0
1748,28,Private Sector/Self Employed,Yes,1100000,4,0,Yes,No,0
1136,27,Private Sector/Self Employed,No,600000,6,0,No,No,1
1545,34,Private Sector/Self Employed,No,1400000,3,0,Yes,Yes,1
969,31,Private Sector/Self Employed,Yes,900000,3,0,No,No,0
1746,31,Government Sector,Yes,400000,2,0,No,No,0
1314,31,Private Sector/Self Employed,Yes,1400000,6,0,No,Yes,1
1956,32,Government Sector,Yes,350000,3,1,No,Yes,1
1164,31,Private Sector/Self Employed,Yes,1400000,6,0,No,Yes,1
1275,29,Private Sector/Self Employed,Yes,600000,6,0,No,No,0
405,32,Government Sector,Yes,850000,6,0,No,No,0
1138,28,Private Sector/Self Employed,Yes,900000,6,1,Yes,No,0
300,32,Government Sector,Yes,900000,5,1,No,No,1
849,34,Government Sector,Yes,1300000,4,0,No,No,0
817,27,Government Sector,Yes,500000,4,0,No,No,1
703,27,Government Sector,Yes,500000,6,0,No,No,0
1271,25,Private Sector/Self Employed,Yes,500000,4,1,No,No,1
1291,34,Private Sector/Self Employed,Yes,1500000,5,1,Yes,Yes,1
572,28,Private Sector/Self Employed,No,550000,5,0,No,No,0
1309,33,Private Sector/Self Employed,Yes,1400000,4,0,No,Yes,1
324,28,Government Sector,Yes,300000,5,0,No,No,0
757,27,Government Sector,Yes,500000,6,1,No,No,0
1799,26,Government Sector,Yes,1450000,3,0,Yes,Yes,1
1267,31,Private Sector/Self Employed,Yes,1350000,3,0,Yes,Yes,1
1354,26,Private Sector/Self Employed,Yes,1400000,9,1,No,Yes,1
1718,34,Private Sector/Self Employed,Yes,700000,3,0,No,No,1
1838,28,Private Sector/Self Employed,Yes,700000,4,1,No,Yes,0
496,26,Private Sector/Self Employed,Yes,600000,7,0,No,No,0
1868,25,Private Sector/Self Employed,Yes,1400000,5,0,No,Yes,1
694,34,Government Sector,Yes,1100000,6,1,No,No,1
531,28,Private Sector/Self Employed,Yes,1150000,6,1,No,No,0
776,25,Private Sector/Self Employed,Yes,1400000,6,0,Yes,Yes,1
1833,29,Private Sector/Self Employed,Yes,1200000,5,0,No,No,0
1460,28,Private Sector/Self Employed,Yes,550000,4,0,No,No,0
1303,28,Private Sector/Self Employed,Yes,1200000,5,0,No,No,0
209,25,Private Sector/Self Employed,No,1700000,3,1,Yes,No,0
937,28,Private Sector/Self Employed,Yes,1250000,4,0,No,No,0
1064,29,Private Sector/Self Employed,Yes,1200000,5,0,No,No,0
1145,28,Private Sector/Self Employed,Yes,500000,5,0,No,No,0
1380,28,Private Sector/Self Employed,Yes,500000,5,1,No,No,1
833,31,Government Sector,Yes,1500000,3,0,Yes,Yes,1
1657,28,Private Sector/Self Employed,Yes,550000,4,0,No,No,0
1166,34,Private Sector/Self Employed,Yes,1300000,3,0,No,No,0
406,28,Private Sector/Self Employed,Yes,1200000,9,0,No,No,1
1877,28,Private Sector/Self Employed,Yes,1100000,7,0,Yes,No,0
1638,29,Private Sector/Self Employed,Yes,1200000,4,0,No,No,1
1578,27,Government Sector,Yes,500000,6,1,No,No,0
1041,26,Private Sector/Self Employed,Yes,500000,2,1,No,No,0
1525,30,Private Sector/Self Employed,No,800000,4,0,No,No,0
1381,25,Private Sector/Self Employed,Yes,1400000,4,1,No,Yes,1
1181,28,Private Sector/Self Employed,Yes,600000,3,0,No,No,0
254,28,Government Sector,Yes,1200000,5,0,No,No,0
214,27,Government Sector,Yes,850000,5,1,No,Yes,0
443,25,Private Sector/Self Employed,No,1150000,6,0,No,No,1
1361,26,Private Sector/Self Employed,Yes,1400000,4,0,No,Yes,1
485,27,Private Sector/Self Employed,No,450000,4,0,No,No,0
1228,31,Government Sector,No,400000,4,1,No,No,0
1522,31,Government Sector,No,400000,3,0,No,No,0
545,26,Private Sector/Self Employed,Yes,600000,6,1,No,No,0
107,34,Private Sector/Self Employed,Yes,850000,3,1,No,Yes,0
1775,33,Government Sector,Yes,1100000,8,0,No,No,1
1495,29,Private Sector/Self Employed,Yes,600000,4,0,No,No,1
1425,28,Government Sector,Yes,600000,4,0,No,No,0
165,33,Government Sector,Yes,1000000,4,0,No,No,0
652,33,Government Sector,Yes,800000,6,0,No,No,1
63,27,Government Sector,Yes,500000,2,0,No,No,0
877,26,Private Sector/Self Employed,Yes,1400000,3,0,No,Yes,1
1155,28,Government Sector,Yes,600000,4,0,Yes,No,1
565,28,Private Sector/Self Employed,Yes,800000,5,0,No,No,0
1633,25,Private Sector/Self Employed,No,1150000,3,0,Yes,No,0
1200,26,Private Sector/Self Employed,Yes,1400000,4,1,No,Yes,1
136,29,Private Sector/Self Employed,Yes,500000,6,0,No,No,1
630,28,Private Sector/Self Employed,Yes,1100000,9,0,No,No,0
1927,34,Private Sector/Self Employed,Yes,1000000,4,0,No,No,1
542,27,Private Sector/Self Employed,No,600000,4,0,Yes,No,0
1385,27,Government Sector,Yes,500000,4,0,No,No,0
1780,31,Private Sector/Self Employed,Yes,950000,3,0,Yes,No,0
1647,34,Private Sector/Self Employed,Yes,850000,5,1,Yes,No,0
1202,31,Private Sector/Self Employed,Yes,1400000,4,0,No,Yes,1
804,27,Private Sector/Self Employed,No,350000,4,1,No,No,0
337,30,Private Sector/Self Employed,No,550000,7,0,Yes,No,0
1058,27,Government Sector,Yes,900000,6,0,Yes,Yes,0
1559,34,Private Sector/Self Employed,Yes,1050000,3,1,No,No,0
609,28,Private Sector/Self Employed,Yes,700000,7,1,Yes,Yes,1
207,31,Government Sector,No,350000,3,0,No,No,0
1432,28,Private Sector/Self Employed,Yes,700000,3,0,No,No,1
740,34,Private Sector/Self Employed,Yes,1000000,6,1,No,No,1
247,27,Government Sector,Yes,1050000,3,0,Yes,No,1
566,27,Government Sector,Yes,850000,3,0,No,Yes,0
148,25,Private Sector/Self Employed,Yes,1400000,4,0,No,Yes,1
1589,25,Private Sector/Self Employed,Yes,1400000,4,0,Yes,Yes,1
41,33,Private Sector/Self Employed,Yes,550000,5,0,No,No,0
854,32,Government Sector,Yes,850000,3,1,No,No,0
1766,26,Government Sector,Yes,550000,4,0,No,No,0
1207,26,Private Sector/Self Employed,Yes,450000,6,0,No,No,0
1534,33,Government Sector,Yes,1750000,6,0,No,No,1
866,31,Private Sector/Self Employed,Yes,1400000,3,1,No,Yes,1
667,26,Private Sector/Self Employed,Yes,1300000,4,1,No,Yes,0
1734,34,Private Sector/Self Employed,Yes,1050000,4,1,No,No,0
1430,25,Private Sector/Self Employed,Yes,1400000,6,0,No,Yes,1
1324,33,Government Sector,Yes,400000,9,1,No,No,1
1851,28,Private Sector/Self Employed,No,550000,6,0,No,No,1
886,31,Private Sector/Self Employed,Yes,1350000,3,0,No,Yes,1
891,29,Private Sector/Self Employed,Yes,1050000,5,1,No,No,0
698,33,Private Sector/Self Employed,Yes,1200000,7,0,No,No,1
520,35,Government Sector,Yes,1100000,4,1,No,No,0
685,34,Private Sector/Self Employed,Yes,1500000,4,1,Yes,Yes,1
837,29,Private Sector/Self Employed,Yes,1100000,7,0,Yes,No,0
42,26,Private Sector/Self Employed,Yes,1500000,2,1,Yes,Yes,1
1726,34,Private Sector/Self Employed,Yes,1500000,6,0,Yes,Yes,1
936,33,Government Sector,Yes,800000,3,0,No,No,0
1966,34,Private Sector/Self Employed,Yes,700000,3,0,Yes,No,0
1694,31,Government Sector,Yes,400000,5,0,No,No,0
1862,28,Private Sector/Self Employed,Yes,550000,5,0,No,No,0
479,34,Government Sector,Yes,1300000,4,1,No,No,0
133,25,Private Sector/Self Employed,Yes,1750000,4,0,No,Yes,1
1420,33,Government Sector,Yes,700000,3,0,No,No,0
993,34,Private Sector/Self Employed,Yes,700000,2,0,Yes,No,0
1189,34,Private Sector/Self Employed,No,1300000,3,0,No,No,0
75,34,Private Sector/Self Employed,Yes,1300000,5,0,No,No,0
239,26,Private Sector/Self Employed,Yes,1250000,5,0,No,No,0
1269,31,Government Sector,Yes,1200000,3,0,No,No,0
972,28,Private Sector/Self Employed,Yes,1200000,3,0,No,No,0
1731,31,Private Sector/Self Employed,Yes,500000,5,0,No,No,0
876,28,Private Sector/Self Employed,Yes,800000,4,1,No,No,0
1479,25,Private Sector/Self Employed,Yes,1400000,7,0,No,Yes,1
131,28,Private Sector/Self Employed,Yes,750000,4,0,No,No,0
999,34,Private Sector/Self Employed,Yes,1300000,6,0,No,No,1
385,34,Private Sector/Self Employed,Yes,1000000,5,0,No,No,0
281,26,Private Sector/Self Employed,Yes,750000,6,0,No,No,0
863,29,Private Sector/Self Employed,Yes,1100000,3,0,No,No,0
1947,32,Government Sector,Yes,900000,2,0,Yes,No,0
1457,25,Private Sector/Self Employed,No,600000,3,0,No,No,1
266,31,Government Sector,Yes,400000,5,0,No,No,0
493,29,Private Sector/Self Employed,Yes,1050000,7,0,No,No,0
451,28,Private Sector/Self Employed,Yes,800000,4,0,No,No,0
674,27,Government Sector,Yes,850000,2,0,No,No,0
1937,34,Private Sector/Self Employed,Yes,500000,5,0,Yes,Yes,0
748,28,Private Sector/Self Employed,Yes,650000,5,0,No,Yes,0
1811,29,Private Sector/Self Employed,Yes,1100000,8,0,No,No,0
797,28,Government Sector,Yes,300000,4,0,No,No,0
623,28,Private Sector/Self Employed,Yes,1100000,3,0,No,No,0
1802,31,Government Sector,Yes,400000,6,0,No,No,0
648,28,Private Sector/Self Employed,Yes,800000,4,0,No,No,0
453,31,Private Sector/Self Employed,Yes,1100000,3,0,No,No,0
1006,28,Private Sector/Self Employed,Yes,1100000,6,0,No,No,0
1401,28,Government Sector,Yes,300000,3,0,No,No,0
1289,28,Private Sector/Self Employed,Yes,800000,2,0,No,No,0
1296,29,Private Sector/Self Employed,Yes,1050000,3,0,No,No,0
1886,32,Government Sector,Yes,350000,6,0,No,No,0
119,31,Private Sector/Self Employed,Yes,500000,4,0,No,No,0
1158,34,Private Sector/Self Employed,Yes,700000,2,0,No,No,0
279,32,Government Sector,Yes,350000,6,0,No,No,0
1092,31,Government Sector,Yes,1500000,7,0,Yes,Yes,1
963,26,Private Sector/Self Employed,Yes,600000,6,1,No,No,1
1416,26,Private Sector/Self Employed,Yes,600000,6,1,No,No,0
660,28,Government Sector,Yes,300000,4,0,No,No,0
681,28,Private Sector/Self Employed,Yes,1200000,4,0,No,No,0
327,34,Government Sector,Yes,1300000,3,0,No,No,0
1607,29,Private Sector/Self Employed,Yes,350000,8,1,No,No,1
605,28,Private Sector/Self Employed,Yes,1250000,5,0,No,Yes,1
1210,30,Private Sector/Self Employed,No,800000,5,0,No,No,1
831,27,Government Sector,Yes,1050000,6,1,No,No,0
579,33,Government Sector,Yes,400000,3,0,No,No,0
1818,26,Government Sector,Yes,500000,8,0,No,No,0
389,31,Private Sector/Self Employed,Yes,1350000,5,0,No,Yes,1
422,34,Private Sector/Self Employed,Yes,1500000,7,1,Yes,Yes,1
1157,28,Private Sector/Self Employed,Yes,800000,5,1,No,No,1
1696,28,Private Sector/Self Employed,Yes,800000,2,1,No,No,0
1681,29,Private Sector/Self Employed,Yes,1050000,7,0,No,No,0
1246,26,Private Sector/Self Employed,Yes,1250000,4,0,No,No,0
1368,29,Private Sector/Self Employed,Yes,1350000,6,0,No,Yes,1
436,28,Private Sector/Self Employed,Yes,1200000,4,1,No,Yes,0
1033,31,Private Sector/Self Employed,Yes,1250000,4,0,No,No,0
1751,28,Government Sector,Yes,300000,5,0,No,No,0
976,26,Private Sector/Self Employed,Yes,1300000,5,0,No,No,0
534,27,Private Sector/Self Employed,No,450000,4,0,No,No,1
1983,28,Private Sector/Self Employed,Yes,1750000,5,1,No,Yes,0
741,34,Private Sector/Self Employed,Yes,1300000,6,0,No,No,1
54,29,Private Sector/Self Employed,Yes,1200000,7,0,No,No,0
1256,28,Private Sector/Self Employed,Yes,500000,5,1,No,No,1
274,32,Government Sector,Yes,850000,7,0,No,No,1
1489,29,Private Sector/Self Employed,Yes,1350000,4,0,No,Yes,1
1274,34,Private Sector/Self Employed,Yes,1000000,3,0,No,No,0
1512,28,Private Sector/Self Employed,Yes,500000,3,0,No,No,0
1850,28,Government Sector,Yes,300000,5,0,No,No,0
787,34,Private Sector/Self Employed,Yes,1000000,4,0,No,No,0
1676,27,Government Sector,Yes,1050000,7,0,No,No,1
767,28,Government Sector,No,300000,6,0,No,No,0
1454,27,Government Sector,Yes,1050000,7,1,No,No,0
346,25,Private Sector/Self Employed,Yes,1800000,7,1,Yes,No,1
1535,33,Government Sector,Yes,650000,5,0,Yes,No,1
716,29,Private Sector/Self Employed,Yes,1100000,7,0,No,No,1
1636,28,Private Sector/Self Employed,Yes,1400000,4,0,Yes,Yes,0
260,26,Private Sector/Self Employed,Yes,1400000,3,1,No,Yes,1
1490,25,Private Sector/Self Employed,No,1150000,5,0,No,No,0
185,28,Government Sector,Yes,300000,4,0,No,No,1
1738,29,Private Sector/Self Employed,Yes,1200000,8,0,Yes,No,0
1250,28,Private Sector/Self Employed,Yes,800000,7,0,No,No,0
614,34,Private Sector/Self Employed,Yes,1000000,5,1,No,No,0
919,26,Private Sector/Self Employed,Yes,1500000,6,0,Yes,Yes,1
143,26,Private Sector/Self Employed,Yes,1300000,4,0,No,No,0
194,33,Government Sector,Yes,1100000,5,0,No,No,0
1623,33,Private Sector/Self Employed,Yes,1400000,3,0,No,Yes,1
884,35,Government Sector,Yes,1100000,8,0,Yes,No,1
1282,31,Private Sector/Self Employed,Yes,1400000,3,0,Yes,Yes,1
1707,35,Private Sector/Self Employed,No,800000,4,0,No,No,0
1663,28,Private Sector/Self Employed,Yes,1250000,3,0,No,No,0
1701,31,Private Sector/Self Employed,Yes,1250000,6,0,No,No,0
1288,28,Private Sector/Self Employed,Yes,750000,3,0,No,No,0
521,28,Private Sector/Self Employed,Yes,1100000,6,0,No,No,0
1446,29,Private Sector/Self Employed,Yes,500000,5,0,No,No,1
102,29,Private Sector/Self Employed,Yes,500000,3,1,No,No,0
1973,31,Private Sector/Self Employed,Yes,1350000,3,0,No,Yes,1
262,26,Private Sector/Self Employed,Yes,750000,4,1,No,No,0
1822,35,Private Sector/Self Employed,No,800000,5,0,No,No,0
1050,33,Government Sector,Yes,1100000,2,1,No,Yes,0
640,27,Private Sector/Self Employed,No,800000,5,0,No,No,0
882,26,Private Sector/Self Employed,Yes,600000,4,1,No,No,0
908,34,Private Sector/Self Employed,Yes,1300000,3,0,No,Yes,0
426,25,Private Sector/Self Employed,Yes,500000,5,0,No,No,0
771,29,Private Sector/Self Employed,Yes,500000,7,0,No,No,1
412,28,Government Sector,Yes,300000,7,1,No,No,0
775,32,Government Sector,Yes,350000,3,0,No,No,0
676,29,Private Sector/Self Employed,Yes,1200000,7,1,No,No,0
869,33,Private Sector/Self Employed,Yes,1400000,3,0,No,Yes,1
196,34,Private Sector/Self Employed,Yes,1000000,7,0,No,No,1
423,25,Private Sector/Self Employed,Yes,1400000,5,0,No,Yes,1
1612,31,Private Sector/Self Employed,Yes,1400000,6,0,No,Yes,1
1008,26,Private Sector/Self Employed,Yes,1400000,5,0,No,Yes,1
760,27,Government Sector,Yes,500000,4,1,No,No,0
670,28,Private Sector/Self Employed,Yes,800000,4,1,No,No,0
627,27,Government Sector,Yes,500000,6,0,No,No,0
1561,28,Private Sector/Self Employed,Yes,700000,7,0,No,No,0
1670,34,Private Sector/Self Employed,Yes,1050000,8,1,No,No,1
1117,28,Private Sector/Self Employed,Yes,800000,5,1,No,No,0
1411,29,Private Sector/Self Employed,Yes,1200000,3,1,No,No,1
1070,33,Government Sector,Yes,800000,5,1,No,No,0
1954,30,Private Sector/Self Employed,No,550000,6,1,No,No,0
452,34,Private Sector/Self Employed,Yes,1300000,4,1,No,No,1
1018,31,Government Sector,Yes,400000,7,0,No,No,0
731,28,Private Sector/Self Employed,Yes,800000,5,0,No,No,0
560,26,Private Sector/Self Employed,Yes,1400000,7,0,No,Yes,1
1632,32,Government Sector,Yes,800000,7,0,No,No,0
553,33,Private Sector/Self Employed,Yes,1400000,5,0,Yes,Yes,0
1518,31,Private Sector/Self Employed,Yes,1250000,6,0,No,No,1
724,25,Government Sector,Yes,750000,3,0,No,No,0
758,33,Private Sector/Self Employed,Yes,1400000,6,1,No,Yes,1
1021,28,Private Sector/Self Employed,Yes,1150000,4,0,No,No,1
684,25,Private Sector/Self Employed,No,1150000,4,0,No,No,0
544,31,Government Sector,No,400000,3,0,No,No,0
912,31,Private Sector/Self Employed,Yes,1400000,6,0,Yes,Yes,1
1348,33,Government Sector,Yes,800000,4,0,No,No,0
476,33,Private Sector/Self Employed,Yes,1400000,4,1,No,Yes,1
218,26,Private Sector/Self Employed,Yes,1500000,7,0,Yes,Yes,0
585,34,Private Sector/Self Employed,No,1400000,7,1,No,Yes,1
420,34,Private Sector/Self Employed,Yes,1050000,5,0,No,No,0
1363,28,Government Sector,Yes,600000,7,0,No,No,0
1089,26,Private Sector/Self Employed,Yes,500000,3,0,No,No,0
1373,28,Private Sector/Self Employed,Yes,650000,4,0,Yes,No,0
1925,33,Government Sector,Yes,400000,5,0,No,No,0
58,33,Private Sector/Self Employed,Yes,1400000,6,0,Yes,Yes,1
1195,31,Private Sector/Self Employed,Yes,900000,3,0,No,No,0
693,27,Private Sector/Self Employed,No,800000,5,1,No,No,0
486,33,Private Sector/Self Employed,Yes,550000,4,0,Yes,No,0
934,28,Private Sector/Self Employed,Yes,800000,5,0,Yes,No,0
1932,35,Private Sector/Self Employed,No,800000,4,1,No,No,0
629,25,Private Sector/Self Employed,No,600000,4,0,Yes,No,0
1133,35,Government Sector,Yes,1100000,3,1,No,No,1
208,29,Private Sector/Self Employed,Yes,1350000,4,0,No,Yes,1
604,32,Government Sector,Yes,350000,7,0,No,No,0
202,28,Private Sector/Self Employed,Yes,600000,7,0,No,No,1
1581,33,Private Sector/Self Employed,Yes,550000,6,0,No,No,1
784,31,Government Sector,Yes,1500000,5,1,Yes,Yes,1
1928,34,Private Sector/Self Employed,Yes,1500000,7,0,Yes,Yes,1
958,27,Private Sector/Self Employed,No,350000,5,1,No,No,0
372,29,Private Sector/Self Employed,Yes,350000,5,1,No,No,0
1642,31,Private Sector/Self Employed,Yes,1250000,7,0,No,No,0
642,26,Government Sector,Yes,500000,6,1,No,No,0
1116,28,Government Sector,Yes,600000,9,0,Yes,No,1
528,25,Private Sector/Self Employed,No,1150000,5,0,No,No,0
561,29,Private Sector/Self Employed,Yes,1050000,9,0,No,No,0
1579,28,Private Sector/Self Employed,Yes,1200000,3,1,Yes,No,0
1239,34,Private Sector/Self Employed,Yes,1500000,6,1,Yes,Yes,1
513,27,Government Sector,Yes,850000,5,1,No,No,0
1126,29,Private Sector/Self Employed,Yes,1200000,4,0,No,No,0
170,31,Private Sector/Self Employed,Yes,1350000,6,1,No,Yes,1
1294,28,Private Sector/Self Employed,Yes,600000,4,0,No,No,0
843,29,Private Sector/Self Employed,Yes,600000,3,0,No,No,0
583,29,Private Sector/Self Employed,Yes,500000,3,0,No,No,1
928,26,Private Sector/Self Employed,Yes,450000,7,0,No,No,1
1509,28,Private Sector/Self Employed,Yes,1300000,4,1,No,No,0
1243,33,Government Sector,Yes,700000,6,1,No,No,1
803,29,Private Sector/Self Employed,Yes,1050000,7,1,No,No,0
1869,31,Government Sector,Yes,1500000,2,0,Yes,Yes,1
590,28,Private Sector/Self Employed,Yes,500000,5,0,No,No,0
183,25,Private Sector/Self Employed,No,1700000,3,1,Yes,No,0
200,27,Government Sector,Yes,1050000,4,0,No,No,1
1423,33,Private Sector/Self Employed,Yes,550000,8,0,No,No,0
873,32,Government Sector,Yes,350000,3,0,No,No,1
1035,34,Private Sector/Self Employed,Yes,1300000,3,0,No,No,0
379,27,Private Sector/Self Employed,No,1550000,6,0,Yes,No,1
220,35,Private Sector/Self Employed,No,800000,2,0,No,No,0
1417,35,Private Sector/Self Employed,No,800000,5,0,No,No,0
1950,28,Private Sector/Self Employed,Yes,1250000,6,0,No,Yes,0
1593,26,Private Sector/Self Employed,Yes,500000,8,0,No,No,0
1196,28,Government Sector,Yes,300000,2,0,No,No,0
1720,29,Private Sector/Self Employed,Yes,1100000,2,0,No,No,0
967,29,Private Sector/Self Employed,Yes,900000,5,0,No,No,0
415,28,Government Sector,Yes,600000,5,0,No,No,0
1475,28,Government Sector,Yes,300000,4,0,No,No,0
85,25,Private Sector/Self Employed,No,1700000,4,0,Yes,No,1
332,31,Private Sector/Self Employed,Yes,1650000,7,1,Yes,No,1
699,32,Government Sector,Yes,800000,3,1,Yes,No,0
597,34,Private Sector/Self Employed,Yes,1000000,4,0,No,No,0
1867,35,Private Sector/Self Employed,No,800000,5,0,No,No,1
570,25,Private Sector/Self Employed,No,1150000,5,1,No,No,0
631,33,Private Sector/Self Employed,Yes,1400000,6,1,No,Yes,1
1130,28,Private Sector/Self Employed,Yes,550000,5,0,Yes,No,0
1434,34,Private Sector/Self Employed,Yes,1750000,3,0,Yes,No,0
548,27,Government Sector,Yes,850000,5,0,No,No,0
416,31,Private Sector/Self Employed,Yes,1400000,7,0,No,Yes,1
319,25,Private Sector/Self Employed,Yes,1700000,2,1,Yes,No,1
929,26,Private Sector/Self Employed,Yes,600000,5,0,No,No,1
1969,31,Private Sector/Self Employed,Yes,500000,4,1,No,No,0
1247,26,Private Sector/Self Employed,Yes,500000,7,0,No,No,0
430,26,Private Sector/Self Employed,Yes,1300000,7,0,No,No,1
1359,32,Government Sector,Yes,850000,9,0,Yes,No,1
991,30,Private Sector/Self Employed,No,1450000,7,0,Yes,Yes,1
142,32,Government Sector,Yes,350000,9,1,No,No,0
1542,28,Private Sector/Self Employed,Yes,800000,3,0,No,No,0
127,27,Government Sector,Yes,750000,5,0,No,No,0
1872,29,Private Sector/Self Employed,Yes,1050000,7,0,No,No,0
1895,26,Government Sector,Yes,500000,3,0,No,No,0
1437,30,Private Sector/Self Employed,No,500000,7,0,No,No,1
1891,28,Private Sector/Self Employed,Yes,800000,7,1,No,No,1
987,33,Private Sector/Self Employed,Yes,1400000,2,1,No,Yes,1
242,33,Government Sector,Yes,400000,4,0,No,No,0
118,31,Government Sector,Yes,1500000,4,1,Yes,Yes,1
1772,28,Private Sector/Self Employed,Yes,1150000,8,0,Yes,No,0
1020,25,Private Sector/Self Employed,No,1150000,4,0,No,No,0
1183,29,Private Sector/Self Employed,Yes,1100000,4,1,No,No,0
67,34,Private Sector/Self Employed,Yes,1500000,3,0,Yes,Yes,1
1763,29,Private Sector/Self Employed,Yes,1050000,3,0,No,No,0
1190,31,Private Sector/Self Employed,Yes,1250000,3,0,No,No,0
964,33,Government Sector,Yes,400000,9,1,No,No,1
283,26,Private Sector/Self Employed,Yes,600000,4,0,Yes,No,0
353,31,Government Sector,No,300000,3,0,No,No,0
100,28,Private Sector/Self Employed,Yes,1300000,6,1,No,No,1
949,29,Private Sector/Self Employed,Yes,1200000,3,1,No,Yes,1
425,29,Private Sector/Self Employed,Yes,350000,5,1,No,No,0
343,28,Private Sector/Self Employed,Yes,1250000,7,0,No,No,0
838,29,Private Sector/Self Employed,Yes,1100000,5,0,Yes,No,0
1360,34,Private Sector/Self Employed,Yes,1300000,2,0,No,No,0
1110,29,Private Sector/Self Employed,Yes,1100000,4,0,No,Yes,0
1650,25,Private Sector/Self Employed,Yes,1800000,4,1,Yes,No,1
1914,30,Private Sector/Self Employed,No,550000,6,0,No,No,0
1231,34,Private Sector/Self Employed,Yes,1500000,4,1,Yes,Yes,1
841,34,Private Sector/Self Employed,Yes,1500000,3,0,Yes,Yes,1
1777,34,Private Sector/Self Employed,Yes,700000,4,1,Yes,No,0
330,35,Private Sector/Self Employed,No,800000,4,0,No,No,0
922,29,Private Sector/Self Employed,Yes,900000,4,0,No,No,0
380,28,Private Sector/Self Employed,Yes,1200000,5,1,No,No,0
1982,33,Private Sector/Self Employed,Yes,1500000,4,0,Yes,Yes,1
245,28,Private Sector/Self Employed,Yes,1150000,3,0,No,No,0
1881,34,Private Sector/Self Employed,Yes,1300000,4,0,No,No,1
911,27,Government Sector,Yes,1050000,5,0,Yes,No,0
1057,28,Private Sector/Self Employed,Yes,700000,6,1,No,No,0
555,26,Private Sector/Self Employed,Yes,1750000,4,0,No,No,0
1584,28,Government Sector,Yes,300000,3,0,No,No,0
1727,28,Private Sector/Self Employed,Yes,1100000,4,0,No,No,0
1782,34,Private Sector/Self Employed,Yes,850000,4,0,No,No,0
1374,28,Government Sector,Yes,300000,6,1,No,No,0
1873,34,Private Sector/Self Employed,Yes,1000000,3,0,No,No,0
241,35,Private Sector/Self Employed,No,800000,6,0,No,No,1
641,34,Private Sector/Self Employed,Yes,700000,5,1,No,Yes,0
984,28,Private Sector/Self Employed,Yes,550000,5,1,No,No,0
1669,26,Private Sector/Self Employed,Yes,500000,5,1,No,No,1
875,29,Private Sector/Self Employed,Yes,600000,3,1,No,No,0
1176,34,Private Sector/Self Employed,No,1300000,5,0,No,No,0
1674,34,Private Sector/Self Employed,No,950000,3,0,Yes,No,0
1167,34,Private Sector/Self Employed,Yes,1050000,4,0,No,No,0
1965,30,Private Sector/Self Employed,No,550000,3,0,No,No,1
802,30,Private Sector/Self Employed,No,550000,5,1,No,No,1
1809,28,Government Sector,Yes,300000,6,1,No,No,0
1313,29,Private Sector/Self Employed,Yes,900000,7,0,No,No,0
1531,27,Government Sector,Yes,750000,5,0,No,No,0
1723,32,Government Sector,Yes,800000,6,0,Yes,No,0
444,28,Private Sector/Self Employed,Yes,700000,4,1,No,No,1
336,32,Government Sector,Yes,350000,9,1,No,No,0
1055,25,Private Sector/Self Employed,Yes,1700000,5,0,Yes,No,1
1569,27,Government Sector,Yes,500000,5,0,No,No,0
382,31,Private Sector/Self Employed,Yes,1400000,6,0,No,Yes,1
800,31,Government Sector,Yes,1200000,6,0,No,No,0
1025,31,Government Sector,Yes,1300000,4,1,No,No,1
1537,29,Private Sector/Self Employed,Yes,500000,4,0,No,No,1
1118,33,Government Sector,Yes,1100000,2,0,Yes,No,0
651,33,Private Sector/Self Employed,Yes,1400000,8,1,No,Yes,1
1463,28,Private Sector/Self Employed,Yes,1150000,6,0,No,No,0
1219,34,Private Sector/Self Employed,Yes,700000,6,0,Yes,No,1
897,31,Government Sector,Yes,1300000,5,1,No,No,0
1615,30,Private Sector/Self Employed,No,650000,5,0,No,No,0
1104,34,Private Sector/Self Employed,Yes,1000000,5,0,No,No,0
55,26,Private Sector/Self Employed,Yes,750000,5,0,No,No,0
1807,26,Private Sector/Self Employed,Yes,600000,3,0,No,No,0
1220,28,Private Sector/Self Employed,Yes,1100000,5,0,No,No,0
543,34,Private Sector/Self Employed,Yes,850000,3,1,No,No,0
328,34,Private Sector/Self Employed,Yes,700000,6,0,Yes,Yes,1
307,28,Private Sector/Self Employed,Yes,1150000,8,1,No,No,0
354,25,Private Sector/Self Employed,No,1150000,5,0,No,No,1
1573,33,Government Sector,Yes,650000,4,1,No,No,0
966,25,Private Sector/Self Employed,Yes,1700000,4,1,Yes,No,1
1551,28,Private Sector/Self Employed,Yes,1300000,6,0,No,No,0
105,28,Private Sector/Self Employed,Yes,750000,3,0,No,No,0
1144,31,Government Sector,No,300000,4,0,No,No,0
461,35,Government Sector,Yes,900000,4,1,No,No,1
234,34,Private Sector/Self Employed,Yes,1300000,4,0,No,No,0
1206,29,Private Sector/Self Employed,Yes,1200000,3,0,No,No,1
1376,27,Government Sector,Yes,750000,3,1,No,No,0
4,28,Private Sector/Self Employed,Yes,700000,8,1,Yes,No,0
110,31,Government Sector,Yes,400000,5,0,No,No,0
1680,31,Government Sector,Yes,1300000,8,0,No,No,0
564,29,Private Sector/Self Employed,Yes,900000,6,1,No,No,0
1897,35,Government Sector,Yes,1100000,4,0,Yes,No,1
1369,34,Private Sector/Self Employed,No,750000,4,0,Yes,No,0
159,27,Government Sector,Yes,900000,7,1,No,No,0
362,28,Private Sector/Self Employed,Yes,700000,2,1,No,No,0
1923,26,Private Sector/Self Employed,Yes,750000,3,0,No,No,0
408,31,Government Sector,No,350000,2,0,No,No,0
78,31,Government Sector,Yes,1300000,3,0,No,Yes,1
1023,25,Private Sector/Self Employed,Yes,1400000,3,0,No,Yes,1
1483,28,Government Sector,Yes,300000,3,1,No,No,0
407,25,Private Sector/Self Employed,No,1700000,6,0,Yes,No,1
535,31,Private Sector/Self Employed,Yes,1350000,5,0,No,Yes,1
156,28,Private Sector/Self Employed,Yes,900000,4,0,Yes,No,0
285,33,Private Sector/Self Employed,Yes,750000,4,0,No,No,0
1882,31,Private Sector/Self Employed,Yes,1350000,9,1,No,Yes,1
79,31,Government Sector,No,400000,5,1,No,No,0
321,28,Private Sector/Self Employed,Yes,500000,3,0,No,No,0
172,27,Private Sector/Self Employed,No,600000,8,0,No,No,0
1778,28,Private Sector/Self Employed,Yes,750000,4,0,Yes,No,0
578,34,Private Sector/Self Employed,Yes,1000000,4,0,No,No,0
1616,27,Government Sector,Yes,500000,2,0,No,No,1
477,34,Private Sector/Self Employed,Yes,1500000,6,1,Yes,Yes,1
1398,31,Private Sector/Self Employed,Yes,1400000,3,0,Yes,Yes,1
1945,28,Private Sector/Self Employed,No,550000,4,1,No,Yes,1
1662,28,Private Sector/Self Employed,Yes,550000,6,0,Yes,No,0
277,31,Private Sector/Self Employed,Yes,950000,7,0,Yes,No,0
1010,27,Government Sector,Yes,500000,8,0,No,No,0
1917,34,Private Sector/Self Employed,No,1300000,4,0,No,No,1
522,35,Private Sector/Self Employed,No,800000,6,1,No,No,1
1487,32,Government Sector,Yes,350000,3,0,No,No,0
1817,29,Private Sector/Self Employed,Yes,1050000,7,0,Yes,No,1
1790,28,Private Sector/Self Employed,Yes,1150000,4,0,No,No,0
1452,31,Private Sector/Self Employed,Yes,1350000,3,0,No,Yes,1
556,33,Private Sector/Self Employed,Yes,550000,4,1,No,No,0
763,28,Government Sector,Yes,600000,4,1,No,No,0
1257,28,Private Sector/Self Employed,No,550000,5,0,No,No,0
128,31,Private Sector/Self Employed,Yes,1350000,8,0,No,Yes,1
1958,31,Government Sector,Yes,1300000,3,1,No,No,0
512,29,Private Sector/Self Employed,Yes,1100000,5,0,Yes,No,0
1474,28,Government Sector,Yes,300000,5,1,No,No,0
441,34,Private Sector/Self Employed,Yes,850000,5,0,No,No,1
1073,28,Private Sector/Self Employed,Yes,500000,7,0,No,No,0
587,29,Private Sector/Self Employed,Yes,900000,9,1,No,No,1
1054,31,Government Sector,Yes,400000,5,0,No,No,0
1028,25,Private Sector/Self Employed,No,1150000,3,1,No,No,0
530,29,Private Sector/Self Employed,Yes,900000,3,0,No,No,0
872,27,Private Sector/Self Employed,No,1000000,3,0,No,No,0
1254,34,Private Sector/Self Employed,Yes,700000,8,0,No,No,1
1063,28,Private Sector/Self Employed,Yes,1200000,6,0,No,No,0
1345,28,Private Sector/Self Employed,Yes,700000,2,1,No,No,0
1728,26,Private Sector/Self Employed,Yes,500000,6,0,No,No,0
1523,27,Government Sector,Yes,750000,5,0,No,No,0
1204,28,Private Sector/Self Employed,Yes,800000,3,1,No,No,1
611,28,Private Sector/Self Employed,Yes,500000,6,1,No,No,0
1426,26,Government Sector,Yes,500000,6,1,No,No,0
1911,27,Private Sector/Self Employed,No,1550000,6,1,Yes,No,1
2,34,Private Sector/Self Employed,Yes,500000,4,1,No,No,1
1378,34,Government Sector,Yes,1300000,2,1,No,No,0
868,28,Government Sector,Yes,1200000,5,1,No,No,0
998,26,Private Sector/Self Employed,Yes,1400000,4,0,No,Yes,1
471,26,Private Sector/Self Employed,Yes,1250000,3,0,No,No,0
1789,28,Private Sector/Self Employed,Yes,1150000,3,1,No,No,0
1747,33,Private Sector/Self Employed,Yes,1500000,5,0,Yes,Yes,1
764,27,Government Sector,Yes,500000,5,0,No,No,0
1762,28,Private Sector/Self Employed,Yes,1300000,5,1,Yes,No,0
662,26,Private Sector/Self Employed,Yes,500000,6,0,No,No,0
1938,34,Private Sector/Self Employed,No,1400000,4,0,No,Yes,0
1848,31,Government Sector,No,400000,7,1,No,No,0
1847,28,Government Sector,Yes,1200000,3,0,No,No,1
1768,28,Private Sector/Self Employed,Yes,650000,3,0,No,No,0
568,35,Private Sector/Self Employed,No,800000,5,0,No,No,0
1056,31,Government Sector,Yes,1300000,4,0,No,No,0
323,33,Private Sector/Self Employed,Yes,1400000,5,0,No,Yes,1
1444,31,Private Sector/Self Employed,Yes,900000,6,0,No,No,0
1510,26,Private Sector/Self Employed,Yes,500000,3,0,No,No,0
581,28,Private Sector/Self Employed,Yes,700000,4,1,No,No,0
725,30,Private Sector/Self Employed,No,800000,4,0,No,No,1
729,27,Private Sector/Self Employed,No,600000,3,0,No,Yes,0
298,25,Private Sector/Self Employed,No,1700000,4,0,Yes,No,1
1935,33,Government Sector,Yes,1000000,6,0,Yes,No,0
34,28,Private Sector/Self Employed,Yes,800000,9,0,No,No,1
737,28,Private Sector/Self Employed,Yes,700000,4,1,No,No,1
1788,26,Private Sector/Self Employed,Yes,1750000,3,0,No,No,0
445,27,Government Sector,Yes,1050000,6,1,No,No,0
850,32,Government Sector,Yes,850000,4,0,Yes,No,0
1352,31,Government Sector,Yes,400000,5,0,No,No,0
1185,33,Government Sector,Yes,400000,4,0,No,No,0
537,29,Private Sector/Self Employed,Yes,600000,8,1,No,No,1
1648,28,Private Sector/Self Employed,Yes,1100000,5,0,No,No,0
1835,31,Government Sector,No,400000,5,0,No,No,0
1252,34,Private Sector/Self Employed,Yes,1050000,5,0,No,No,0
1415,31,Government Sector,Yes,1300000,3,1,No,No,1
1031,29,Private Sector/Self Employed,Yes,1200000,9,0,No,No,0
1470,33,Government Sector,Yes,1100000,4,0,No,No,0
559,29,Private Sector/Self Employed,Yes,1200000,3,0,No,No,1
808,34,Private Sector/Self Employed,Yes,1500000,6,0,Yes,Yes,1
618,31,Private Sector/Self Employed,Yes,1650000,2,0,Yes,No,1
1151,34,Private Sector/Self Employed,Yes,700000,7,0,No,No,1
246,31,Government Sector,No,350000,6,1,No,No,0
1072,31,Government Sector,Yes,400000,6,0,No,No,0
1652,34,Government Sector,Yes,1100000,7,1,Yes,No,1
1690,35,Private Sector/Self Employed,No,800000,6,1,No,Yes,1
847,29,Private Sector/Self Employed,Yes,1050000,4,0,No,No,1
812,33,Government Sector,Yes,1000000,4,1,No,No,0
221,28,Private Sector/Self Employed,Yes,1200000,6,1,No,No,0
1606,33,Government Sector,Yes,700000,2,0,No,No,0
825,29,Private Sector/Self Employed,Yes,900000,7,0,No,No,1
50,31,Private Sector/Self Employed,Yes,1250000,3,1,No,No,0
465,26,Private Sector/Self Employed,Yes,1500000,5,0,Yes,Yes,1
1645,25,Private Sector/Self Employed,No,1150000,3,0,Yes,No,0
1684,26,Private Sector/Self Employed,Yes,1400000,6,1,No,Yes,1
1011,35,Private Sector/Self Employed,No,950000,9,0,No,No,1
1211,25,Private Sector/Self Employed,Yes,1700000,4,0,Yes,No,1
1646,28,Private Sector/Self Employed,Yes,1250000,3,1,No,No,1
1390,32,Government Sector,Yes,900000,5,0,No,No,0
1338,28,Private Sector/Self Employed,Yes,1450000,4,0,Yes,Yes,1
199,30,Private Sector/Self Employed,No,1450000,5,0,Yes,Yes,1
1841,32,Government Sector,Yes,350000,3,0,No,Yes,0
947,35,Private Sector/Self Employed,No,800000,5,0,No,No,0
1653,26,Private Sector/Self Employed,Yes,500000,5,1,No,No,1
1685,28,Private Sector/Self Employed,Yes,750000,5,1,Yes,No,0
864,26,Private Sector/Self Employed,Yes,600000,6,0,Yes,No,0
1540,34,Government Sector,Yes,1100000,4,0,No,No,0
1293,28,Government Sector,Yes,300000,6,1,No,No,0
1654,25,Private Sector/Self Employed,Yes,1400000,5,1,Yes,Yes,1
431,28,Private Sector/Self Employed,Yes,500000,6,0,No,No,0
1083,25,Private Sector/Self Employed,No,1150000,8,0,No,No,0
827,32,Government Sector,Yes,850000,7,1,No,No,1
180,28,Private Sector/Self Employed,Yes,750000,6,0,Yes,No,0
1295,35,Government Sector,Yes,900000,7,1,Yes,No,1
1547,34,Private Sector/Self Employed,Yes,1500000,4,1,Yes,Yes,1
594,33,Private Sector/Self Employed,Yes,550000,5,0,Yes,No,0
495,31,Government Sector,Yes,1200000,4,0,No,No,0
938,28,Government Sector,Yes,1200000,8,0,Yes,No,1
1299,28,Private Sector/Self Employed,Yes,700000,6,1,No,No,0
299,27,Private Sector/Self Employed,No,450000,3,0,No,No,0
832,34,Private Sector/Self Employed,Yes,1500000,6,0,Yes,Yes,1
1683,28,Private Sector/Self Employed,Yes,800000,4,0,Yes,No,0
457,25,Private Sector/Self Employed,No,1150000,4,0,No,No,0
1613,28,Private Sector/Self Employed,Yes,550000,4,0,Yes,No,0
393,29,Private Sector/Self Employed,Yes,1050000,3,0,Yes,No,0
1270,31,Government Sector,No,350000,3,0,No,No,0
782,28,Private Sector/Self Employed,Yes,1200000,4,0,No,No,0
940,25,Private Sector/Self Employed,Yes,1400000,6,0,Yes,Yes,1
1797,28,Private Sector/Self Employed,Yes,800000,3,1,No,No,0
959,31,Private Sector/Self Employed,Yes,500000,6,0,No,No,0
766,34,Private Sector/Self Employed,Yes,700000,3,1,No,No,0
906,34,Government Sector,Yes,1300000,5,1,No,No,0
1245,26,Private Sector/Self Employed,Yes,1400000,3,0,No,Yes,1
1007,34,Private Sector/Self Employed,Yes,1000000,6,0,No,No,1
1485,34,Private Sector/Self Employed,Yes,500000,4,0,No,No,0
1951,27,Private Sector/Self Employed,No,600000,4,0,No,No,0
1729,35,Government Sector,Yes,900000,7,0,No,No,1
1065,28,Government Sector,No,300000,7,1,No,No,0
935,27,Private Sector/Self Employed,No,1550000,7,0,Yes,No,1
1521,29,Private Sector/Self Employed,Yes,1350000,5,0,No,Yes,1
1698,29,Private Sector/Self Employed,Yes,500000,4,0,No,No,0
377,27,Private Sector/Self Employed,No,1550000,4,0,Yes,No,1
16,28,Private Sector/Self Employed,Yes,1150000,4,1,No,No,0
990,29,Private Sector/Self Employed,Yes,600000,4,0,Yes,No,1
842,29,Private Sector/Self Employed,Yes,1100000,3,0,No,No,0
1286,28,Private Sector/Self Employed,Yes,550000,3,0,No,No,0
1266,33,Private Sector/Self Employed,Yes,1400000,8,1,No,Yes,1
392,31,Private Sector/Self Employed,Yes,950000,4,1,No,No,1
1418,30,Private Sector/Self Employed,No,800000,4,0,No,No,1
529,28,Private Sector/Self Employed,Yes,1250000,4,0,Yes,No,0
1312,34,Private Sector/Self Employed,Yes,1300000,5,0,No,No,0
305,26,Private Sector/Self Employed,Yes,1250000,4,1,No,Yes,0
458,26,Private Sector/Self Employed,Yes,750000,3,1,No,No,0
593,28,Government Sector,Yes,600000,4,0,No,No,0
352,31,Private Sector/Self Employed,Yes,1350000,6,0,No,Yes,1
1382,28,Private Sector/Self Employed,Yes,1400000,4,0,No,Yes,1
231,31,Government Sector,Yes,1200000,5,1,No,No,0
1407,31,Private Sector/Self Employed,Yes,1250000,4,0,No,No,0
1793,34,Private Sector/Self Employed,Yes,1500000,3,0,Yes,Yes,1
400,29,Private Sector/Self Employed,Yes,1200000,4,0,Yes,No,0
1769,29,Private Sector/Self Employed,Yes,1050000,5,0,No,No,0
1517,26,Private Sector/Self Employed,Yes,1400000,4,1,No,Yes,1
137,29,Private Sector/Self Employed,Yes,600000,4,1,Yes,No,0
879,29,Private Sector/Self Employed,Yes,1050000,4,0,No,No,1
314,26,Private Sector/Self Employed,Yes,1400000,5,0,No,Yes,1
672,27,Government Sector,Yes,1050000,2,1,No,No,0
1438,32,Government Sector,Yes,850000,3,0,Yes,No,0
1022,27,Government Sector,Yes,850000,5,0,Yes,No,0
359,25,Private Sector/Self Employed,No,1150000,3,0,No,No,0
1379,35,Private Sector/Self Employed,No,800000,3,0,Yes,No,0
1520,28,Government Sector,Yes,600000,4,1,No,No,0
1300,31,Government Sector,Yes,1200000,6,0,No,No,0
433,28,Private Sector/Self Employed,Yes,1100000,4,0,No,No,0
80,26,Private Sector/Self Employed,Yes,1300000,4,1,No,No,0
755,29,Private Sector/Self Employed,Yes,1200000,4,0,No,No,0
792,28,Private Sector/Self Employed,Yes,750000,6,0,Yes,No,0
1955,33,Government Sector,Yes,1750000,4,0,No,No,0
278,32,Government Sector,Yes,800000,5,1,No,No,1
1412,26,Private Sector/Self Employed,Yes,500000,4,1,No,No,1
1574,28,Private Sector/Self Employed,No,550000,7,0,No,No,0
383,29,Private Sector/Self Employed,Yes,1100000,4,0,No,No,0
895,28,Private Sector/Self Employed,Yes,600000,5,0,No,Yes,1
1276,31,Government Sector,Yes,1200000,5,1,No,No,1
1808,28,Private Sector/Self Employed,Yes,500000,4,1,No,No,0
15,34,Private Sector/Self Employed,Yes,700000,7,0,No,No,0
759,34,Private Sector/Self Employed,Yes,700000,7,1,No,No,1
175,30,Private Sector/Self Employed,No,800000,3,0,No,No,0
120,28,Private Sector/Self Employed,Yes,800000,3,1,No,No,0
1040,32,Government Sector,Yes,850000,3,0,Yes,No,1
1165,28,Private Sector/Self Employed,Yes,1150000,2,0,No,No,1
1171,31,Government Sector,Yes,400000,4,0,No,No,0
1825,29,Private Sector/Self Employed,Yes,600000,6,0,No,No,0
235,30,Private Sector/Self Employed,No,550000,4,0,No,No,0
1760,34,Private Sector/Self Employed,Yes,1500000,3,0,Yes,Yes,1
952,28,Private Sector/Self Employed,Yes,1450000,5,0,Yes,Yes,1
1671,29,Private Sector/Self Employed,Yes,1350000,8,0,No,Yes,1
1439,33,Government Sector,Yes,400000,7,1,No,No,1
1222,29,Private Sector/Self Employed,Yes,1350000,3,1,Yes,Yes,0
878,26,Private Sector/Self Employed,Yes,600000,4,0,No,No,0
168,27,Government Sector,Yes,850000,7,1,No,No,0
661,28,Government Sector,No,300000,5,0,No,No,0
33,32,Government Sector,Yes,850000,3,0,No,No,0
1591,28,Government Sector,Yes,300000,3,0,No,No,0
43,28,Private Sector/Self Employed,Yes,1200000,4,0,Yes,No,1
536,30,Private Sector/Self Employed,No,500000,3,0,No,No,0
732,30,Private Sector/Self Employed,No,800000,4,0,No,No,0
456,26,Private Sector/Self Employed,Yes,1500000,5,1,Yes,Yes,1
191,30,Private Sector/Self Employed,No,650000,3,0,No,Yes,0
1422,28,Private Sector/Self Employed,Yes,700000,4,0,Yes,No,0
844,33,Government Sector,Yes,1100000,2,0,No,No,0
1493,32,Government Sector,Yes,900000,6,1,No,No,0
1859,32,Government Sector,Yes,800000,3,1,No,No,0
853,31,Government Sector,Yes,400000,6,1,No,No,0
591,25,Private Sector/Self Employed,No,1150000,3,1,No,No,0
1900,27,Private Sector/Self Employed,No,1000000,3,1,No,No,0
1141,33,Private Sector/Self Employed,Yes,750000,4,1,No,No,0
253,28,Private Sector/Self Employed,Yes,1400000,2,0,No,Yes,1
979,30,Private Sector/Self Employed,No,650000,4,0,No,No,0
491,28,Private Sector/Self Employed,Yes,1100000,4,1,No,No,1
61,32,Government Sector,Yes,800000,3,0,Yes,No,1
733,27,Government Sector,Yes,900000,4,0,Yes,No,0
735,28,Government Sector,Yes,300000,4,0,No,No,0
1920,32,Government Sector,Yes,800000,5,0,No,No,0
1400,29,Private Sector/Self Employed,Yes,1050000,6,1,Yes,No,0
950,28,Private Sector/Self Employed,Yes,550000,5,0,No,No,0
1317,25,Private Sector/Self Employed,No,1700000,4,0,Yes,No,1
296,32,Government Sector,Yes,350000,7,0,No,No,0
1679,28,Private Sector/Self Employed,Yes,550000,4,0,No,No,0
711,34,Private Sector/Self Employed,Yes,1000000,8,0,No,No,1
1281,29,Government Sector,Yes,600000,4,0,No,No,0
1346,29,Private Sector/Self Employed,Yes,1100000,4,0,No,No,0
1108,35,Private Sector/Self Employed,No,950000,3,0,Yes,No,1
484,33,Government Sector,Yes,800000,6,0,No,No,1
188,26,Government Sector,Yes,500000,4,0,No,No,0
1494,25,Government Sector,Yes,750000,6,0,No,No,1
313,25,Private Sector/Self Employed,No,1150000,4,0,No,No,1
365,25,Private Sector/Self Employed,No,1700000,3,0,Yes,No,1
1214,31,Government Sector,Yes,1200000,2,1,No,No,0
153,25,Private Sector/Self Employed,No,600000,5,0,Yes,No,0
824,32,Government Sector,Yes,850000,4,0,No,No,0
1706,33,Government Sector,Yes,400000,6,0,No,No,0
1912,34,Private Sector/Self Employed,Yes,500000,4,0,No,No,0
823,28,Private Sector/Self Employed,Yes,1200000,4,0,No,No,0
1170,34,Government Sector,Yes,1300000,5,0,No,No,0
1736,33,Private Sector/Self Employed,Yes,750000,8,1,No,No,1
1885,35,Government Sector,Yes,1100000,3,0,No,No,0
532,31,Government Sector,Yes,1300000,5,1,Yes,No,1
602,34,Private Sector/Self Employed,Yes,1500000,4,0,Yes,Yes,1
355,28,Private Sector/Self Employed,Yes,1400000,3,0,No,Yes,1
134,28,Private Sector/Self Employed,Yes,600000,5,0,Yes,No,0
500,26,Private Sector/Self Employed,Yes,1500000,4,0,Yes,Yes,1
1594,25,Private Sector/Self Employed,Yes,1400000,5,1,No,Yes,1
1829,31,Private Sector/Self Employed,Yes,1400000,4,1,No,Yes,1
516,31,Private Sector/Self Employed,Yes,1250000,3,1,No,No,0
1480,27,Government Sector,Yes,750000,4,0,Yes,No,0
978,32,Government Sector,Yes,900000,4,0,Yes,No,0
997,28,Private Sector/Self Employed,Yes,700000,4,1,No,No,0
1383,25,Private Sector/Self Employed,Yes,1400000,2,1,No,Yes,1
1278,30,Private Sector/Self Employed,No,550000,3,0,No,No,1
1103,34,Private Sector/Self Employed,Yes,1050000,5,1,No,No,0
1095,34,Government Sector,Yes,1100000,9,0,No,No,1
636,25,Private Sector/Self Employed,Yes,1400000,4,0,No,Yes,1
957,28,Private Sector/Self Employed,Yes,500000,5,1,No,No,0
437,27,Private Sector/Self Employed,No,800000,7,0,No,No,0
554,32,Government Sector,Yes,800000,6,0,No,No,0
1688,31,Private Sector/Self Employed,Yes,1250000,8,0,No,No,0
161,34,Private Sector/Self Employed,No,1400000,3,1,No,Yes,1
259,33,Government Sector,Yes,400000,3,1,No,No,1
1546,30,Private Sector/Self Employed,No,550000,2,1,No,No,0
1240,28,Private Sector/Self Employed,Yes,700000,5,0,Yes,No,0
470,28,Private Sector/Self Employed,Yes,1300000,2,1,No,No,0
1539,33,Private Sector/Self Employed,Yes,550000,7,1,Yes,No,1
507,32,Government Sector,Yes,800000,2,1,No,No,0
463,33,Private Sector/Self Employed,Yes,750000,2,1,No,No,0
449,31,Private Sector/Self Employed,Yes,500000,3,1,No,No,1
657,28,Private Sector/Self Employed,Yes,1200000,5,0,No,No,1
1304,34,Private Sector/Self Employed,Yes,1050000,5,0,No,No,1
1152,28,Government Sector,Yes,300000,4,0,No,No,0
971,34,Private Sector/Self Employed,Yes,1050000,6,0,No,Yes,1
1226,34,Private Sector/Self Employed,Yes,1500000,5,0,Yes,Yes,1
287,29,Private Sector/Self Employed,Yes,1200000,4,0,No,No,0
1529,31,Private Sector/Self Employed,Yes,1250000,4,0,No,No,1
150,28,Private Sector/Self Employed,Yes,650000,2,1,No,No,1
1831,31,Government Sector,No,350000,4,1,No,No,0
40,25,Private Sector/Self Employed,Yes,1400000,3,1,Yes,Yes,1
1119,28,Government Sector,Yes,300000,6,1,No,No,0
295,28,Private Sector/Self Employed,Yes,550000,5,0,No,No,0
1486,32,Government Sector,Yes,350000,5,0,No,No,0
649,28,Government Sector,Yes,300000,5,0,No,No,0
210,28,Private Sector/Self Employed,Yes,1200000,5,1,Yes,No,0
1722,34,Private Sector/Self Employed,Yes,1500000,3,1,Yes,Yes,1
518,29,Private Sector/Self Employed,Yes,1350000,4,0,Yes,Yes,1
848,35,Government Sector,Yes,900000,6,1,No,No,0
1557,32,Government Sector,Yes,800000,7,0,No,No,0
1544,29,Private Sector/Self Employed,Yes,1200000,8,0,No,No,0
361,29,Private Sector/Self Employed,Yes,1350000,4,0,No,Yes,1
1564,30,Private Sector/Self Employed,No,550000,5,0,No,No,0
1198,33,Government Sector,Yes,400000,4,0,No,No,0
77,31,Government Sector,No,400000,4,0,No,No,0
679,26,Government Sector,Yes,500000,5,0,No,No,0
821,34,Private Sector/Self Employed,Yes,1000000,4,1,No,No,1
680,29,Private Sector/Self Employed,Yes,1100000,4,1,No,Yes,1
448,33,Private Sector/Self Employed,Yes,1500000,4,1,Yes,Yes,1
526,31,Private Sector/Self Employed,Yes,1100000,4,1,No,No,0
1896,31,Private Sector/Self Employed,Yes,1400000,3,0,No,Yes,1
851,28,Private Sector/Self Employed,Yes,500000,5,0,No,No,1
1794,28,Private Sector/Self Employed,Yes,1450000,5,0,Yes,Yes,1
1752,26,Government Sector,Yes,500000,5,1,No,No,0
1785,25,Private Sector/Self Employed,No,1150000,2,0,No,Yes,0
59,33,Private Sector/Self Employed,Yes,1400000,9,0,Yes,Yes,1
926,34,Private Sector/Self Employed,Yes,700000,5,0,No,No,1
1801,29,Private Sector/Self Employed,Yes,1200000,4,0,No,No,0
1941,27,Private Sector/Self Employed,No,450000,3,0,No,No,1
66,30,Private Sector/Self Employed,No,800000,6,0,Yes,No,0
1962,25,Private Sector/Self Employed,No,1150000,7,0,No,No,0
995,27,Government Sector,Yes,850000,5,0,No,No,0
1533,33,Government Sector,Yes,600000,8,0,No,No,1
381,29,Private Sector/Self Employed,Yes,1200000,5,0,No,No,0
1045,28,Private Sector/Self Employed,Yes,1100000,4,1,No,No,0
1037,29,Private Sector/Self Employed,Yes,900000,7,0,No,No,1
856,34,Private Sector/Self Employed,Yes,700000,7,0,No,No,1
1384,34,Private Sector/Self Employed,Yes,1000000,4,0,Yes,No,0
290,32,Government Sector,Yes,900000,6,1,No,No,0
1946,32,Government Sector,Yes,850000,7,0,Yes,Yes,1
38,34,Government Sector,Yes,1100000,2,0,No,No,0
948,29,Private Sector/Self Employed,Yes,500000,5,0,No,No,0
1049,29,Private Sector/Self Employed,Yes,900000,7,0,No,No,0
1926,25,Private Sector/Self Employed,Yes,1400000,5,0,No,Yes,1
575,29,Private Sector/Self Employed,Yes,900000,6,0,Yes,No,1
1796,28,Private Sector/Self Employed,Yes,1200000,3,0,No,No,0
1849,28,Private Sector/Self Employed,Yes,1250000,7,0,No,No,0
786,29,Private Sector/Self Employed,Yes,500000,2,0,No,No,0
1307,28,Private Sector/Self Employed,Yes,900000,3,0,No,No,0
232,28,Private Sector/Self Employed,Yes,1250000,6,0,No,No,0
395,32,Government Sector,Yes,800000,5,0,No,No,0
1826,29,Private Sector/Self Employed,Yes,1200000,6,0,No,No,0
1039,28,Private Sector/Self Employed,Yes,800000,3,1,No,No,0
1664,25,Private Sector/Self Employed,No,1150000,4,0,Yes,No,0
1968,28,Government Sector,Yes,300000,5,1,No,No,0
397,25,Government Sector,Yes,750000,5,0,No,No,0
1397,28,Private Sector/Self Employed,Yes,900000,9,1,No,Yes,0
1651,34,Private Sector/Self Employed,Yes,1500000,3,0,Yes,Yes,1
1560,28,Private Sector/Self Employed,Yes,1200000,4,0,No,No,0
1874,29,Private Sector/Self Employed,Yes,500000,3,0,No,No,0
1,31,Private Sector/Self Employed,Yes,1250000,7,0,No,No,0
483,28,Private Sector/Self Employed,Yes,1150000,4,0,No,No,0
1393,33,Government Sector,Yes,1000000,4,0,Yes,Yes,0
1047,31,Private Sector/Self Employed,Yes,1350000,4,0,No,Yes,1
229,34,Private Sector/Self Employed,Yes,1000000,2,0,No,No,0
1265,34,Private Sector/Self Employed,Yes,1000000,5,0,No,No,0
1248,28,Private Sector/Self Employed,Yes,1200000,5,0,No,No,0
669,26,Private Sector/Self Employed,Yes,600000,3,0,Yes,No,0
1387,30,Private Sector/Self Employed,No,650000,6,1,No,No,1
1842,34,Private Sector/Self Employed,Yes,700000,4,1,Yes,No,0
860,34,Private Sector/Self Employed,Yes,1000000,4,1,No,No,0
1285,26,Government Sector,Yes,500000,4,0,No,No,0
155,34,Private Sector/Self Employed,Yes,1300000,6,0,No,No,1
311,34,Private Sector/Self Employed,Yes,1500000,7,0,Yes,Yes,1
480,34,Private Sector/Self Employed,Yes,1050000,7,0,Yes,No,1
1424,31,Government Sector,Yes,400000,9,0,No,No,0
1067,34,Private Sector/Self Employed,Yes,700000,4,0,Yes,No,1
768,34,Private Sector/Self Employed,Yes,1500000,5,0,Yes,Yes,1
1125,28,Government Sector,Yes,300000,5,0,No,No,0
1543,32,Government Sector,Yes,350000,4,0,No,No,0
1975,26,Private Sector/Self Employed,Yes,1400000,9,0,No,Yes,1
1981,27,Government Sector,Yes,850000,3,0,No,No,1
204,32,Government Sector,Yes,900000,4,0,Yes,No,0
1870,25,Private Sector/Self Employed,Yes,1700000,3,0,Yes,No,1
1191,25,Private Sector/Self Employed,No,1150000,5,1,No,No,0
1860,28,Private Sector/Self Employed,Yes,550000,8,0,No,No,0
881,29,Private Sector/Self Employed,Yes,1200000,4,0,No,No,0
1283,28,Private Sector/Self Employed,Yes,900000,2,0,Yes,No,0
1907,28,Private Sector/Self Employed,Yes,600000,5,0,Yes,No,1
1233,27,Government Sector,Yes,1050000,5,1,No,No,0
820,25,Private Sector/Self Employed,No,1150000,4,0,No,No,0
1592,25,Private Sector/Self Employed,No,1700000,5,0,Yes,No,1
954,34,Private Sector/Self Employed,Yes,1000000,5,1,Yes,No,0
1827,32,Government Sector,Yes,800000,5,1,Yes,No,1
975,30,Private Sector/Self Employed,No,1450000,3,1,Yes,Yes,1
754,32,Government Sector,Yes,850000,3,0,No,No,0
603,33,Private Sector/Self Employed,Yes,1400000,6,1,No,Yes,1
899,25,Private Sector/Self Employed,Yes,1700000,3,0,Yes,No,1
1716,31,Private Sector/Self Employed,Yes,1250000,3,0,No,No,0
921,33,Government Sector,Yes,400000,4,0,No,No,0
121,26,Private Sector/Self Employed,Yes,1400000,6,0,No,Yes,1
1813,29,Private Sector/Self Employed,Yes,1350000,4,0,No,Yes,1
1904,28,Private Sector/Self Employed,Yes,700000,7,0,Yes,No,0
1634,34,Private Sector/Self Employed,Yes,1000000,5,0,No,No,0
1216,27,Private Sector/Self Employed,No,800000,6,0,No,No,1
371,27,Government Sector,Yes,900000,5,1,No,Yes,0
1421,31,Private Sector/Self Employed,Yes,1350000,3,1,Yes,Yes,1
750,35,Private Sector/Self Employed,No,800000,4,0,No,No,0
198,25,Private Sector/Self Employed,No,1350000,4,0,No,Yes,1
293,31,Private Sector/Self Employed,Yes,1250000,3,0,No,No,1
1263,28,Government Sector,Yes,600000,7,1,No,No,0
1284,33,Government Sector,Yes,400000,5,0,No,No,0
719,34,Private Sector/Self Employed,No,1300000,4,0,No,No,0
883,28,Private Sector/Self Employed,Yes,1350000,3,0,No,Yes,1
1140,28,Private Sector/Self Employed,Yes,750000,4,0,Yes,Yes,0
552,27,Government Sector,Yes,1050000,4,0,No,No,0
56,28,Private Sector/Self Employed,Yes,550000,3,0,No,No,1
1575,30,Private Sector/Self Employed,No,550000,3,0,No,No,0
1334,25,Government Sector,Yes,750000,3,0,No,Yes,1
1009,34,Private Sector/Self Employed,Yes,1500000,4,0,Yes,Yes,1
308,34,Private Sector/Self Employed,Yes,1000000,9,1,No,No,0
398,28,Private Sector/Self Employed,Yes,1250000,5,0,Yes,No,0
91,28,Government Sector,Yes,300000,4,1,No,No,0
1396,32,Government Sector,Yes,350000,5,1,No,No,0
1205,33,Government Sector,Yes,700000,3,0,No,No,0
695,28,Private Sector/Self Employed,Yes,1150000,7,0,No,No,0
1643,28,Private Sector/Self Employed,Yes,1150000,9,0,No,No,0
1792,34,Private Sector/Self Employed,Yes,1500000,3,0,Yes,Yes,1
613,31,Private Sector/Self Employed,Yes,1250000,6,0,No,No,0
1596,31,Government Sector,No,400000,3,0,No,No,0
294,29,Private Sector/Self Employed,Yes,1200000,4,0,No,No,0
1098,28,Private Sector/Self Employed,Yes,1150000,6,1,No,No,0
510,31,Private Sector/Self Employed,Yes,950000,5,0,No,No,0
1930,31,Government Sector,Yes,1200000,7,0,No,No,0
705,27,Government Sector,Yes,850000,5,1,No,No,0
1124,29,Private Sector/Self Employed,Yes,1100000,5,0,Yes,No,0
367,31,Government Sector,Yes,1300000,4,0,No,No,0
932,27,Government Sector,Yes,1050000,5,1,No,No,1
1287,34,Private Sector/Self Employed,Yes,500000,4,0,No,No,0
1440,34,Private Sector/Self Employed,Yes,850000,5,0,No,No,0
1717,34,Private Sector/Self Employed,Yes,1500000,5,1,Yes,Yes,1
22,31,Private Sector/Self Employed,Yes,1100000,4,0,No,No,0
248,34,Government Sector,Yes,1300000,6,0,No,No,1
225,31,Private Sector/Self Employed,Yes,1250000,2,0,No,No,0
909,26,Private Sector/Self Employed,Yes,1400000,4,1,No,Yes,1
1889,31,Government Sector,Yes,1300000,6,0,No,No,0
751,28,Private Sector/Self Employed,Yes,1350000,9,0,No,Yes,1
1355,30,Private Sector/Self Employed,No,650000,6,0,Yes,No,1
1316,31,Private Sector/Self Employed,Yes,1400000,3,0,No,Yes,1
721,34,Private Sector/Self Employed,Yes,1050000,4,0,No,No,0
64,30,Private Sector/Self Employed,No,1450000,9,0,Yes,Yes,1
612,28,Private Sector/Self Employed,Yes,550000,9,0,No,No,0
502,28,Government Sector,Yes,300000,4,1,No,No,1
184,25,Government Sector,Yes,750000,3,0,No,No,0
1148,28,Private Sector/Self Employed,Yes,700000,5,0,Yes,No,0
1625,28,Government Sector,Yes,300000,3,1,No,No,1
586,28,Government Sector,Yes,300000,7,0,No,No,0
1854,34,Government Sector,Yes,1300000,5,0,Yes,No,1
1473,29,Private Sector/Self Employed,Yes,1050000,6,0,No,No,0
329,28,Private Sector/Self Employed,Yes,1100000,8,0,No,No,0
1365,34,Private Sector/Self Employed,No,750000,3,0,Yes,No,0
713,28,Private Sector/Self Employed,Yes,1100000,2,1,No,No,1
1466,29,Private Sector/Self Employed,Yes,1200000,7,0,No,No,0
1201,28,Private Sector/Self Employed,Yes,650000,5,0,Yes,No,0
351,29,Private Sector/Self Employed,Yes,1200000,9,1,Yes,No,0
865,31,Private Sector/Self Employed,Yes,1350000,5,0,No,Yes,1
96,28,Private Sector/Self Employed,Yes,700000,4,0,No,No,0
846,28,Private Sector/Self Employed,Yes,700000,4,0,No,No,0
1871,34,Private Sector/Self Employed,Yes,1500000,4,0,Yes,Yes,1
244,27,Government Sector,Yes,500000,4,0,No,No,0
261,28,Private Sector/Self Employed,Yes,1100000,4,1,No,No,1
434,34,Private Sector/Self Employed,Yes,1300000,7,0,No,No,1
1824,28,Private Sector/Self Employed,Yes,800000,4,1,Yes,No,0
1855,27,Private Sector/Self Employed,No,1550000,4,0,Yes,No,1
271,35,Government Sector,Yes,900000,3,1,No,No,0
1519,28,Government Sector,Yes,300000,6,0,No,No,1
1820,28,Private Sector/Self Employed,Yes,800000,5,0,No,No,0
1566,34,Private Sector/Self Employed,Yes,1500000,3,1,Yes,Yes,1
390,33,Private Sector/Self Employed,Yes,550000,5,0,No,No,1
1260,30,Private Sector/Self Employed,No,550000,4,0,No,No,0
727,34,Government Sector,Yes,1100000,7,1,No,No,1
205,29,Private Sector/Self Employed,Yes,1150000,4,1,No,Yes,0
826,28,Private Sector/Self Employed,Yes,1150000,3,0,Yes,No,0
318,34,Government Sector,Yes,1100000,3,0,No,No,1
1507,27,Government Sector,Yes,750000,5,0,No,No,0
1940,25,Private Sector/Self Employed,Yes,1400000,5,0,Yes,Yes,0
1496,28,Private Sector/Self Employed,Yes,750000,4,0,No,No,0
1737,27,Government Sector,Yes,1050000,7,0,No,No,0
494,34,Government Sector,Yes,1300000,5,1,No,Yes,0
634,34,Private Sector/Self Employed,No,1300000,4,0,No,No,0
701,29,Private Sector/Self Employed,Yes,1350000,7,1,No,Yes,1
1692,29,Private Sector/Self Employed,Yes,1100000,6,0,Yes,No,0
1830,25,Private Sector/Self Employed,Yes,1700000,6,0,Yes,No,1
994,28,Private Sector/Self Employed,Yes,550000,6,1,No,No,0
384,33,Government Sector,Yes,600000,3,0,No,Yes,0
1272,33,Government Sector,Yes,650000,3,0,No,No,1
374,28,Government Sector,Yes,600000,7,0,No,No,0
889,35,Private Sector/Self Employed,No,800000,3,1,No,No,0
1142,27,Government Sector,Yes,750000,6,0,No,No,0
464,34,Private Sector/Self Employed,Yes,1500000,5,0,Yes,Yes,1
17,28,Private Sector/Self Employed,Yes,800000,7,0,No,No,1
896,33,Government Sector,Yes,600000,4,0,No,No,0
1570,28,Private Sector/Self Employed,Yes,700000,5,0,No,Yes,0
739,33,Private Sector/Self Employed,Yes,550000,4,0,No,No,1
810,29,Private Sector/Self Employed,Yes,600000,4,1,No,No,0
179,26,Private Sector/Self Employed,Yes,1250000,4,0,No,No,0
1449,29,Private Sector/Self Employed,Yes,1100000,4,1,No,No,0
916,26,Private Sector/Self Employed,Yes,1500000,6,0,Yes,Yes,1
1832,29,Private Sector/Self Employed,Yes,1050000,5,0,No,No,0
1026,28,Private Sector/Self Employed,Yes,700000,4,0,No,No,0
1060,35,Private Sector/Self Employed,No,950000,5,1,No,No,0
1879,27,Private Sector/Self Employed,No,350000,2,0,No,No,0
1109,25,Private Sector/Self Employed,Yes,1400000,4,1,Yes,Yes,1
1558,32,Government Sector,Yes,800000,5,0,No,No,0
1467,32,Government Sector,Yes,850000,5,1,Yes,No,0
342,28,Private Sector/Self Employed,Yes,1100000,2,0,No,No,1
447,29,Private Sector/Self Employed,Yes,500000,3,0,No,No,0
730,31,Private Sector/Self Employed,Yes,500000,6,0,No,No,1
1786,31,Private Sector/Self Employed,Yes,950000,4,0,No,No,0
1419,27,Government Sector,Yes,1050000,5,0,No,No,0
992,28,Private Sector/Self Employed,Yes,1100000,4,1,No,No,0
1094,34,Private Sector/Self Employed,Yes,700000,5,1,No,No,0
304,34,Private Sector/Self Employed,Yes,1050000,3,0,No,No,0
1798,25,Private Sector/Self Employed,Yes,1700000,3,0,Yes,No,1
1618,28,Government Sector,Yes,300000,4,0,No,No,0
645,28,Private Sector/Self Employed,Yes,1100000,4,0,No,No,0
1562,29,Private Sector/Self Employed,Yes,1100000,4,0,No,No,1
112,30,Private Sector/Self Employed,No,800000,4,0,No,No,0
1251,28,Private Sector/Self Employed,Yes,500000,5,1,No,No,1
1168,28,Government Sector,Yes,600000,3,0,No,No,0
805,29,Private Sector/Self Employed,Yes,1050000,3,1,Yes,No,0
1497,33,Government Sector,Yes,400000,6,0,No,No,1
902,34,Private Sector/Self Employed,Yes,500000,7,1,No,No,1
101,33,Private Sector/Self Employed,Yes,1500000,3,1,Yes,Yes,1
505,28,Private Sector/Self Employed,Yes,800000,4,0,No,No,0
1689,27,Government Sector,Yes,500000,5,0,No,No,0
1505,27,Government Sector,Yes,500000,4,0,No,No,0
943,29,Private Sector/Self Employed,Yes,1200000,5,1,No,No,0
918,33,Government Sector,Yes,1000000,7,1,No,No,1
1114,33,Government Sector,Yes,1000000,3,0,No,Yes,0
1866,28,Government Sector,Yes,300000,7,1,No,No,0
3,28,Private Sector/Self Employed,Yes,700000,3,1,No,No,0
799,31,Government Sector,Yes,1200000,3,0,No,No,0
1953,34,Government Sector,Yes,1300000,7,0,No,No,1
404,33,Government Sector,Yes,650000,5,1,No,No,1
1816,34,Private Sector/Self Employed,Yes,1000000,3,0,Yes,No,0
933,28,Government Sector,Yes,600000,5,0,No,Yes,0
341,28,Private Sector/Self Employed,Yes,550000,7,0,No,No,0
1764,32,Government Sector,Yes,900000,5,0,Yes,No,0
1197,25,Private Sector/Self Employed,Yes,1700000,5,1,Yes,No,1
446,28,Private Sector/Self Employed,Yes,700000,2,0,No,No,0
72,28,Private Sector/Self Employed,Yes,800000,6,1,Yes,No,0
1577,28,Government Sector,No,300000,4,0,No,No,0
475,34,Private Sector/Self Employed,Yes,1000000,4,0,No,No,1
163,32,Government Sector,Yes,350000,5,0,No,No,0
1918,33,Private Sector/Self Employed,Yes,1400000,3,0,No,Yes,1
1078,31,Government Sector,No,300000,3,0,No,No,0
130,28,Private Sector/Self Employed,Yes,800000,4,0,No,No,0
1225,31,Government Sector,No,350000,3,1,No,No,0
1538,31,Government Sector,Yes,400000,5,0,No,No,0
1553,28,Private Sector/Self Employed,Yes,1450000,3,0,Yes,Yes,1
1046,33,Government Sector,Yes,400000,5,1,No,No,0
1326,34,Private Sector/Self Employed,Yes,700000,5,0,No,No,0
715,28,Private Sector/Self Employed,Yes,1200000,5,0,No,No,0
1349,26,Private Sector/Self Employed,Yes,1400000,3,0,No,Yes,1
1601,28,Private Sector/Self Employed,Yes,1250000,4,1,No,No,0
1388,27,Private Sector/Self Employed,No,350000,5,1,No,No,0
1366,31,Government Sector,No,1750000,2,0,No,No,0
1795,27,Government Sector,Yes,850000,4,0,No,No,0
160,31,Government Sector,Yes,1200000,5,1,No,No,1
489,30,Private Sector/Self Employed,No,800000,9,0,No,No,0
1099,35,Private Sector/Self Employed,No,800000,6,0,No,No,1
901,33,Government Sector,Yes,700000,2,0,No,No,0
1583,28,Government Sector,Yes,300000,6,0,No,No,0
1182,28,Government Sector,Yes,300000,5,0,No,No,0
588,35,Private Sector/Self Employed,No,800000,6,0,No,No,1
1899,31,Private Sector/Self Employed,Yes,1250000,4,1,No,No,0
678,25,Private Sector/Self Employed,Yes,1700000,4,0,Yes,No,1
1549,28,Private Sector/Self Employed,Yes,700000,4,1,No,No,0
466,28,Private Sector/Self Employed,Yes,550000,4,0,No,No,0
108,26,Private Sector/Self Employed,Yes,1300000,4,0,No,No,1
517,31,Private Sector/Self Employed,Yes,1250000,5,0,No,No,1
1753,33,Government Sector,Yes,600000,7,0,No,No,1
524,32,Government Sector,Yes,800000,4,0,No,No,0
769,30,Private Sector/Self Employed,No,800000,3,0,No,No,0
1499,28,Private Sector/Self Employed,Yes,1200000,3,0,No,No,0
403,28,Private Sector/Self Employed,Yes,800000,8,1,No,No,0
1709,28,Private Sector/Self Employed,Yes,1200000,6,1,No,No,0
1203,28,Private Sector/Self Employed,Yes,1150000,6,1,No,No,0
1800,25,Government Sector,Yes,750000,3,1,No,No,0
1563,31,Private Sector/Self Employed,Yes,1250000,7,0,No,No,0
1277,34,Private Sector/Self Employed,Yes,1500000,2,0,Yes,Yes,1
1952,31,Government Sector,Yes,1500000,4,0,Yes,Yes,1
124,32,Government Sector,Yes,350000,4,1,No,No,0
798,34,Government Sector,Yes,1300000,5,1,No,No,1
20,28,Private Sector/Self Employed,Yes,1150000,6,0,Yes,No,0
655,28,Private Sector/Self Employed,Yes,700000,4,0,No,No,0
1787,34,Private Sector/Self Employed,Yes,500000,5,0,No,No,0
818,28,Private Sector/Self Employed,Yes,900000,4,0,No,No,1
176,34,Private Sector/Self Employed,Yes,1050000,6,0,No,No,1
270,34,Government Sector,Yes,1300000,6,0,No,Yes,1
73,28,Private Sector/Self Employed,Yes,750000,7,0,Yes,No,0
158,31,Private Sector/Self Employed,Yes,1250000,6,0,Yes,No,1
538,28,Private Sector/Self Employed,Yes,1150000,2,1,Yes,No,0
322,28,Private Sector/Self Employed,Yes,750000,3,0,No,No,0
514,28,Private Sector/Self Employed,Yes,500000,4,0,No,No,1
968,31,Private Sector/Self Employed,Yes,1250000,5,1,No,No,0
206,25,Private Sector/Self Employed,No,1150000,5,1,No,No,1
1179,27,Government Sector,Yes,500000,6,0,No,No,0
1319,26,Private Sector/Self Employed,Yes,600000,6,0,Yes,No,0
885,32,Government Sector,Yes,350000,5,0,No,No,0
1887,31,Private Sector/Self Employed,Yes,900000,5,0,No,No,0
1929,28,Government Sector,Yes,600000,7,1,No,No,1
30,30,Private Sector/Self Employed,No,550000,6,0,Yes,Yes,0
1075,32,Government Sector,Yes,650000,5,0,Yes,No,0
1413,28,Private Sector/Self Employed,Yes,1150000,6,0,No,No,0
1036,28,Private Sector/Self Employed,Yes,750000,5,0,No,No,0
1980,25,Private Sector/Self Employed,No,1150000,5,1,No,No,0
815,25,Private Sector/Self Employed,No,1700000,5,1,Yes,No,0
1301,28,Private Sector/Self Employed,No,550000,3,0,No,No,0
84,32,Government Sector,Yes,350000,6,1,No,No,0
1044,25,Private Sector/Self Employed,No,1350000,6,0,No,Yes,1
569,27,Government Sector,Yes,500000,4,1,No,No,0
598,35,Private Sector/Self Employed,No,800000,6,0,Yes,No,1
68,29,Private Sector/Self Employed,Yes,350000,4,0,No,No,0
1448,32,Government Sector,Yes,800000,4,1,No,No,0
117,31,Government Sector,Yes,400000,5,0,No,No,0
1661,28,Private Sector/Self Employed,Yes,700000,4,0,No,No,0
1315,25,Private Sector/Self Employed,No,1150000,3,0,No,No,0
941,34,Private Sector/Self Employed,Yes,1000000,5,0,No,No,0
1066,29,Private Sector/Self Employed,Yes,1200000,5,1,No,No,1
1357,30,Private Sector/Self Employed,No,550000,7,0,No,No,0
95,26,Private Sector/Self Employed,Yes,1400000,5,0,No,Yes,1
282,26,Private Sector/Self Employed,Yes,1400000,4,0,No,Yes,1
1236,28,Government Sector,Yes,600000,3,0,No,No,0
752,28,Private Sector/Self Employed,No,550000,6,0,No,No,1
1377,26,Government Sector,Yes,1450000,3,0,Yes,Yes,1
1343,26,Private Sector/Self Employed,Yes,1500000,5,1,Yes,Yes,1
691,31,Private Sector/Self Employed,Yes,950000,3,0,Yes,No,0
1735,34,Private Sector/Self Employed,Yes,500000,6,0,No,No,0
788,34,Private Sector/Self Employed,Yes,500000,7,0,No,No,0
373,28,Private Sector/Self Employed,Yes,900000,5,0,Yes,No,0
1459,34,Private Sector/Self Employed,Yes,1500000,5,1,Yes,Yes,1
1322,34,Private Sector/Self Employed,Yes,1050000,6,0,No,No,1
387,28,Government Sector,Yes,300000,5,0,No,No,0
280,32,Government Sector,Yes,800000,6,0,Yes,No,0
317,32,Government Sector,Yes,800000,6,0,No,No,1
913,31,Private Sector/Self Employed,Yes,1400000,4,0,No,Yes,1
1113,33,Government Sector,Yes,400000,5,0,No,No,0
442,29,Private Sector/Self Employed,Yes,1100000,9,0,No,No,0
549,28,Government Sector,No,300000,5,1,No,No,0
1503,29,Private Sector/Self Employed,Yes,500000,4,0,No,No,0
1515,32,Government Sector,Yes,350000,3,1,No,No,0
1442,26,Private Sector/Self Employed,Yes,500000,2,0,No,No,0
726,25,Private Sector/Self Employed,Yes,1700000,5,0,Yes,No,1
582,29,Private Sector/Self Employed,Yes,1100000,3,0,No,No,0
577,27,Government Sector,Yes,500000,3,0,No,No,1
914,32,Government Sector,Yes,800000,6,1,No,No,0
57,34,Private Sector/Self Employed,Yes,1000000,6,0,No,No,1
1695,35,Government Sector,Yes,1100000,5,0,No,No,0
1172,28,Private Sector/Self Employed,Yes,900000,4,1,No,No,1
1614,34,Government Sector,Yes,1300000,4,0,No,No,1
1857,27,Government Sector,Yes,900000,4,0,No,No,0
1665,31,Government Sector,No,300000,5,0,No,No,0
1484,28,Private Sector/Self Employed,Yes,800000,4,1,No,No,0
1188,26,Private Sector/Self Employed,Yes,500000,5,0,No,No,0
1213,25,Government Sector,Yes,750000,2,0,No,Yes,1
1605,26,Private Sector/Self Employed,Yes,450000,4,0,No,No,0
1492,27,Private Sector/Self Employed,No,1000000,6,0,No,No,0
1096,30,Private Sector/Self Employed,No,1450000,7,1,Yes,Yes,1
65,26,Private Sector/Self Employed,Yes,600000,5,1,No,No,0
835,35,Private Sector/Self Employed,No,600000,9,0,No,No,0
111,28,Private Sector/Self Employed,Yes,800000,5,0,No,No,0
1001,26,Private Sector/Self Employed,Yes,1250000,5,0,No,No,1
115,29,Private Sector/Self Employed,Yes,900000,4,0,No,No,0
276,29,Private Sector/Self Employed,Yes,1050000,6,0,No,No,0
1451,25,Private Sector/Self Employed,No,1150000,4,1,No,No,0
1121,34,Private Sector/Self Employed,Yes,1000000,6,1,No,No,1
1327,28,Private Sector/Self Employed,Yes,800000,4,0,Yes,No,0
74,28,Private Sector/Self Employed,Yes,700000,4,1,No,No,0
427,25,Private Sector/Self Employed,Yes,1400000,7,0,Yes,Yes,1
145,28,Private Sector/Self Employed,Yes,1150000,6,0,No,No,0
122,32,Government Sector,Yes,800000,6,1,No,No,0
834,33,Private Sector/Self Employed,Yes,1400000,5,1,Yes,Yes,1
478,29,Private Sector/Self Employed,Yes,900000,4,0,No,No,0
1027,25,Private Sector/Self Employed,No,1150000,5,0,Yes,No,0
668,33,Government Sector,Yes,1000000,5,0,Yes,No,0
1259,33,Government Sector,Yes,400000,6,0,No,No,1
816,34,Private Sector/Self Employed,Yes,1050000,4,0,No,No,0
339,29,Private Sector/Self Employed,Yes,1050000,5,0,No,No,0
258,29,Private Sector/Self Employed,Yes,900000,7,0,Yes,No,0
103,26,Private Sector/Self Employed,Yes,1400000,5,0,No,Yes,1
619,35,Government Sector,Yes,1100000,6,0,No,No,1
1730,31,Private Sector/Self Employed,Yes,1100000,4,0,No,No,0
213,26,Private Sector/Self Employed,Yes,1400000,5,0,Yes,Yes,1
1691,26,Private Sector/Self Employed,Yes,1400000,5,0,No,Yes,1
625,31,Private Sector/Self Employed,Yes,1750000,4,0,No,No,0
601,34,Private Sector/Self Employed,Yes,1300000,5,0,No,No,0
1675,33,Private Sector/Self Employed,Yes,750000,7,1,No,No,1
326,28,Private Sector/Self Employed,Yes,1150000,5,0,No,No,0
981,27,Government Sector,Yes,750000,3,0,No,No,0
1106,34,Private Sector/Self Employed,Yes,1300000,4,0,No,No,0
1532,28,Government Sector,Yes,1200000,5,0,No,No,0
813,30,Private Sector/Self Employed,No,550000,3,0,No,No,0
1392,27,Government Sector,Yes,1050000,2,0,No,No,1
88,34,Private Sector/Self Employed,Yes,1050000,5,1,No,No,0
481,29,Private Sector/Self Employed,Yes,1100000,4,0,No,No,0
1080,28,Private Sector/Self Employed,Yes,700000,7,0,No,No,0
989,33,Government Sector,Yes,400000,7,1,No,No,1
1803,33,Private Sector/Self Employed,Yes,1400000,5,0,No,Yes,1
1147,26,Private Sector/Self Employed,Yes,1500000,3,0,Yes,Yes,1
778,27,Government Sector,Yes,850000,6,0,No,No,0
736,30,Private Sector/Self Employed,No,650000,7,0,No,No,0
1856,26,Private Sector/Self Employed,Yes,600000,3,0,Yes,No,0
830,34,Private Sector/Self Employed,Yes,1050000,6,0,No,No,1
338,28,Private Sector/Self Employed,Yes,600000,3,0,No,No,0
1732,29,Private Sector/Self Employed,Yes,1200000,3,0,No,Yes,0
1015,26,Private Sector/Self Employed,Yes,1400000,4,1,No,Yes,1
432,34,Private Sector/Self Employed,Yes,500000,5,0,No,No,0
1905,25,Private Sector/Self Employed,No,600000,4,1,Yes,No,0
887,28,Government Sector,Yes,600000,4,0,No,No,0
1572,25,Private Sector/Self Employed,No,1150000,5,0,Yes,No,0
1330,33,Government Sector,Yes,1100000,4,0,No,No,0
1235,28,Government Sector,Yes,1200000,3,0,No,No,0
1062,32,Government Sector,Yes,650000,4,0,No,No,0
617,30,Private Sector/Self Employed,No,550000,5,0,Yes,No,1
1169,25,Private Sector/Self Employed,Yes,1400000,7,0,No,Yes,1
1587,28,Private Sector/Self Employed,Yes,750000,3,0,No,No,0
1123,25,Private Sector/Self Employed,Yes,1800000,6,1,Yes,No,1
429,32,Government Sector,Yes,350000,2,0,No,No,0
60,31,Private Sector/Self Employed,Yes,1250000,4,0,Yes,Yes,0
774,28,Private Sector/Self Employed,Yes,800000,5,0,Yes,No,0
1032,32,Government Sector,Yes,850000,3,0,No,No,1
125,29,Private Sector/Self Employed,Yes,500000,3,1,No,No,1
1481,34,Private Sector/Self Employed,Yes,500000,6,0,No,No,1
1471,35,Government Sector,Yes,1100000,3,0,No,No,1
1571,34,Private Sector/Self Employed,Yes,1500000,6,0,Yes,Yes,1
1948,35,Private Sector/Self Employed,No,800000,6,0,Yes,No,1
1048,25,Private Sector/Self Employed,Yes,500000,5,1,No,No,0
509,28,Private Sector/Self Employed,Yes,1450000,6,0,Yes,Yes,1
644,32,Government Sector,Yes,800000,4,0,No,No,0
925,30,Private Sector/Self Employed,No,800000,3,0,No,No,0
98,29,Private Sector/Self Employed,Yes,1100000,6,0,No,No,0
1502,28,Private Sector/Self Employed,Yes,750000,6,1,No,No,0
92,28,Private Sector/Self Employed,Yes,1150000,5,0,No,No,0
94,34,Private Sector/Self Employed,Yes,1300000,4,0,No,No,0
1090,29,Private Sector/Self Employed,Yes,1100000,5,1,No,No,0
1944,34,Private Sector/Self Employed,Yes,1500000,4,1,Yes,Yes,1
892,29,Private Sector/Self Employed,Yes,1050000,4,0,No,No,0
1858,30,Private Sector/Self Employed,No,750000,3,1,No,No,1
1500,25,Private Sector/Self Employed,Yes,1750000,3,0,No,Yes,1
1939,27,Private Sector/Self Employed,No,450000,8,0,No,No,0
814,29,Private Sector/Self Employed,Yes,1050000,6,1,No,Yes,0
1356,30,Private Sector/Self Employed,No,550000,3,0,Yes,Yes,0
1237,31,Private Sector/Self Employed,Yes,900000,7,0,No,Yes,0
1617,28,Private Sector/Self Employed,Yes,1150000,7,1,No,No,0
1733,31,Government Sector,No,300000,5,0,No,No,0
1823,25,Private Sector/Self Employed,Yes,1800000,6,0,Yes,No,1
894,30,Private Sector/Self Employed,No,800000,5,0,No,No,1
905,28,Private Sector/Self Employed,Yes,550000,6,0,No,Yes,0
985,25,Private Sector/Self Employed,Yes,1400000,3,1,Yes,Yes,1
472,28,Government Sector,Yes,300000,5,0,No,No,0
1476,33,Private Sector/Self Employed,Yes,1750000,6,0,No,No,1
1311,28,Private Sector/Self Employed,Yes,800000,3,0,No,No,1
1621,31,Private Sector/Self Employed,Yes,900000,4,1,No,No,0
83,34,Private Sector/Self Employed,No,950000,4,0,Yes,No,1
190,27,Government Sector,Yes,900000,5,0,No,No,0
1102,29,Private Sector/Self Employed,Yes,1200000,5,1,No,No,0
250,34,Private Sector/Self Employed,Yes,1000000,6,1,No,No,1
1548,27,Private Sector/Self Employed,No,450000,3,0,No,No,0
1305,29,Private Sector/Self Employed,Yes,900000,5,0,No,No,1
772,35,Private Sector/Self Employed,No,950000,3,0,No,No,0
1844,27,Private Sector/Self Employed,No,350000,5,1,No,No,0
1892,28,Private Sector/Self Employed,Yes,700000,5,0,No,No,0
1279,29,Private Sector/Self Employed,Yes,1200000,5,0,Yes,No,1
31,31,Government Sector,No,300000,4,0,No,No,0
773,31,Private Sector/Self Employed,Yes,950000,6,0,No,No,0
1810,27,Private Sector/Self Employed,No,350000,4,0,No,No,0
1232,31,Government Sector,No,350000,4,1,No,No,0
1029,31,Government Sector,No,300000,3,0,No,No,0
482,32,Government Sector,Yes,850000,9,0,No,No,0
1469,28,Government Sector,Yes,300000,6,0,No,No,0
880,28,Private Sector/Self Employed,Yes,750000,6,0,Yes,No,0
1389,25,Private Sector/Self Employed,No,1150000,6,0,No,No,1
1635,31,Private Sector/Self Employed,Yes,1250000,5,0,No,No,0
487,34,Private Sector/Self Employed,Yes,850000,4,0,No,No,1
1890,28,Government Sector,Yes,1200000,5,0,No,No,0
1552,28,Private Sector/Self Employed,Yes,750000,2,0,No,No,1
364,31,Government Sector,Yes,1200000,6,0,No,No,0
1024,32,Government Sector,Yes,800000,9,0,No,Yes,1
1107,26,Private Sector/Self Employed,Yes,1400000,5,0,No,Yes,1
504,29,Private Sector/Self Employed,Yes,500000,4,0,No,No,0
858,27,Government Sector,Yes,1050000,5,0,Yes,No,0
1234,34,Government Sector,Yes,1300000,4,0,No,No,0
1628,29,Private Sector/Self Employed,Yes,1150000,4,1,No,No,0
682,26,Private Sector/Self Employed,Yes,1500000,5,1,Yes,Yes,1
1814,28,Private Sector/Self Employed,No,550000,5,0,Yes,No,1
1447,31,Government Sector,No,300000,3,1,No,No,0
942,25,Private Sector/Self Employed,Yes,500000,6,0,No,No,0
1154,34,Private Sector/Self Employed,Yes,1000000,5,1,No,No,0
340,27,Private Sector/Self Employed,No,800000,7,1,No,No,0
871,25,Private Sector/Self Employed,No,1700000,5,1,Yes,Yes,0
29,31,Private Sector/Self Employed,Yes,900000,3,0,No,No,0
1253,25,Private Sector/Self Employed,Yes,1700000,3,0,Yes,No,1
99,29,Government Sector,Yes,600000,3,0,No,No,0
217,28,Private Sector/Self Employed,Yes,800000,6,0,No,No,0
28,26,Private Sector/Self Employed,Yes,600000,4,0,Yes,No,0
1976,32,Government Sector,Yes,900000,6,0,No,No,0
1678,31,Private Sector/Self Employed,Yes,1350000,7,0,Yes,Yes,1
915,28,Government Sector,Yes,600000,2,0,Yes,No,0
1336,28,Private Sector/Self Employed,Yes,900000,3,0,No,No,0
195,25,Private Sector/Self Employed,Yes,1400000,5,0,Yes,Yes,1
980,28,Government Sector,Yes,300000,8,0,No,No,0
14,31,Government Sector,Yes,400000,3,0,No,No,0
1488,28,Private Sector/Self Employed,Yes,700000,4,0,No,No,0
930,34,Private Sector/Self Employed,Yes,700000,7,1,No,No,1
1620,27,Government Sector,Yes,850000,4,1,No,No,0
1602,28,Private Sector/Self Employed,Yes,700000,5,0,No,No,0
562,33,Government Sector,Yes,1000000,4,0,No,Yes,0
1131,31,Government Sector,Yes,400000,3,0,No,No,0
1372,33,Private Sector/Self Employed,Yes,550000,5,1,No,No,1
1306,28,Private Sector/Self Employed,Yes,700000,5,1,No,No,0
249,28,Private Sector/Self Employed,Yes,1150000,5,0,No,No,0
129,29,Private Sector/Self Employed,Yes,1050000,6,0,No,No,0
1619,25,Government Sector,Yes,750000,6,0,No,No,0
646,28,Private Sector/Self Employed,Yes,1100000,6,0,No,No,0
1079,34,Private Sector/Self Employed,Yes,1000000,3,0,No,No,0
610,31,Private Sector/Self Employed,Yes,900000,8,0,No,Yes,0
1433,31,Private Sector/Self Employed,Yes,1400000,4,0,No,Yes,1
1739,29,Private Sector/Self Employed,Yes,500000,2,0,No,No,0
1386,28,Private Sector/Self Employed,Yes,500000,4,0,No,No,0
419,25,Private Sector/Self Employed,No,1150000,4,0,No,No,0
1901,28,Government Sector,Yes,600000,4,1,No,No,0
599,34,Private Sector/Self Employed,Yes,700000,4,1,No,No,0
1208,31,Government Sector,Yes,1200000,9,0,No,No,0
762,28,Private Sector/Self Employed,Yes,800000,5,0,No,No,0
1491,26,Private Sector/Self Employed,Yes,1400000,7,1,Yes,Yes,1
44,25,Private Sector/Self Employed,Yes,1400000,7,0,No,Yes,1
707,28,Private Sector/Self Employed,Yes,550000,4,1,No,No,0
557,27,Government Sector,Yes,1050000,3,0,No,No,0
1134,31,Private Sector/Self Employed,Yes,1250000,7,0,No,No,1
139,35,Private Sector/Self Employed,No,800000,7,1,No,No,1
1347,28,Private Sector/Self Employed,Yes,1300000,3,0,No,No,0
1429,32,Government Sector,Yes,650000,3,0,No,No,1
1399,25,Private Sector/Self Employed,No,600000,3,1,No,No,0
1740,26,Private Sector/Self Employed,Yes,600000,7,0,No,No,0
438,33,Government Sector,Yes,400000,5,1,No,No,0
1351,28,Private Sector/Self Employed,Yes,1100000,4,0,No,No,0
1375,28,Private Sector/Self Employed,Yes,1450000,5,0,Yes,Yes,1
474,31,Private Sector/Self Employed,Yes,1100000,3,1,Yes,No,0
1435,34,Private Sector/Self Employed,Yes,500000,4,0,No,No,1
1666,34,Private Sector/Self Employed,No,1300000,6,0,No,No,1
187,28,Private Sector/Self Employed,Yes,650000,9,0,No,No,0
1586,28,Private Sector/Self Employed,Yes,1450000,4,0,Yes,Yes,1
689,27,Government Sector,Yes,500000,7,0,No,No,0
19,34,Private Sector/Self Employed,Yes,1500000,2,0,Yes,Yes,1
1156,28,Private Sector/Self Employed,Yes,1300000,6,0,No,No,1
1699,28,Private Sector/Self Employed,Yes,700000,3,0,No,No,1
488,28,Government Sector,Yes,300000,3,0,No,No,0
728,28,Private Sector/Self Employed,Yes,1250000,6,0,No,Yes,0
1014,26,Government Sector,Yes,550000,5,0,No,No,1
1852,28,Private Sector/Self Employed,Yes,1200000,6,1,No,No,0
576,31,Private Sector/Self Employed,Yes,1400000,3,0,No,Yes,1
1977,25,Private Sector/Self Employed,No,1350000,6,0,No,Yes,1
890,33,Private Sector/Self Employed,Yes,1400000,3,0,No,Yes,1
663,32,Government Sector,Yes,800000,6,1,No,No,1
1883,27,Government Sector,Yes,500000,4,0,No,No,0
309,33,Government Sector,Yes,650000,4,0,No,No,1
76,29,Private Sector/Self Employed,Yes,1200000,3,0,No,No,1
1162,34,Private Sector/Self Employed,No,1400000,4,0,No,Yes,1
1761,30,Private Sector/Self Employed,No,500000,7,1,No,No,0
1949,34,Private Sector/Self Employed,Yes,700000,6,0,No,No,1
744,29,Private Sector/Self Employed,Yes,1050000,5,1,No,Yes,0
1262,27,Government Sector,Yes,500000,4,0,No,No,1
1143,27,Government Sector,Yes,500000,4,0,No,No,0
756,28,Government Sector,No,300000,6,0,No,No,0
1668,29,Private Sector/Self Employed,Yes,350000,9,0,No,No,0
508,28,Private Sector/Self Employed,Yes,900000,6,0,No,No,1
460,25,Private Sector/Self Employed,No,1350000,6,0,No,Yes,1
1184,35,Private Sector/Self Employed,No,800000,4,0,No,No,0
347,34,Private Sector/Self Employed,Yes,1300000,6,0,Yes,No,0
356,34,Private Sector/Self Employed,Yes,1000000,4,0,No,No,0
1513,28,Private Sector/Self Employed,Yes,1450000,5,0,Yes,Yes,1
62,28,Private Sector/Self Employed,Yes,800000,4,0,Yes,No,0
1450,34,Private Sector/Self Employed,Yes,1050000,7,0,No,No,1
621,28,Private Sector/Self Employed,Yes,650000,4,0,No,No,0
1241,33,Government Sector,Yes,1100000,8,0,No,No,1
1506,28,Private Sector/Self Employed,Yes,1150000,6,1,No,No,0
263,35,Private Sector/Self Employed,No,800000,4,0,No,No,0
154,28,Private Sector/Self Employed,Yes,700000,4,0,Yes,No,0
230,29,Private Sector/Self Employed,Yes,900000,7,0,Yes,No,0
1898,25,Private Sector/Self Employed,No,600000,4,1,Yes,No,0
1478,28,Government Sector,Yes,1100000,4,1,No,No,0
1161,28,Private Sector/Self Employed,Yes,600000,3,0,No,No,1
1052,29,Private Sector/Self Employed,Yes,1200000,7,1,No,No,0
439,28,Private Sector/Self Employed,Yes,800000,3,0,No,No,0
945,28,Private Sector/Self Employed,Yes,1200000,9,0,No,No,0
370,31,Government Sector,Yes,1300000,6,0,No,No,1
1199,28,Government Sector,Yes,1200000,7,1,No,No,0
23,28,Government Sector,Yes,600000,9,0,No,No,1
1693,31,Government Sector,Yes,1300000,2,0,Yes,No,1
1697,29,Private Sector/Self Employed,Yes,1050000,5,0,No,No,0
738,28,Private Sector/Self Employed,Yes,800000,7,0,Yes,No,0
859,28,Private Sector/Self Employed,Yes,800000,4,0,No,No,0
1781,29,Private Sector/Self Employed,Yes,600000,5,1,No,No,0
1273,29,Private Sector/Self Employed,Yes,1200000,4,0,Yes,No,0
1600,28,Government Sector,Yes,300000,7,0,No,No,1
1864,31,Government Sector,Yes,400000,6,1,No,No,1
829,26,Private Sector/Self Employed,Yes,600000,5,0,No,No,0
360,28,Private Sector/Self Employed,No,550000,4,0,No,No,0
1974,28,Private Sector/Self Employed,Yes,1200000,6,0,Yes,No,0
686,33,Private Sector/Self Employed,Yes,1500000,3,0,Yes,Yes,1
996,31,Private Sector/Self Employed,Yes,1400000,4,0,Yes,Yes,1
633,28,Private Sector/Self Employed,Yes,700000,7,1,No,No,0
1344,25,Private Sector/Self Employed,Yes,1700000,3,0,Yes,No,1
1524,29,Private Sector/Self Employed,Yes,1200000,3,0,No,No,0
1410,28,Private Sector/Self Employed,Yes,550000,8,0,No,No,0
46,25,Private Sector/Self Employed,Yes,1400000,4,0,No,Yes,1
1003,31,Private Sector/Self Employed,Yes,1250000,5,1,No,No,0
203,28,Private Sector/Self Employed,Yes,1100000,4,1,No,No,0
511,31,Private Sector/Self Employed,Yes,1250000,3,0,No,Yes,0
440,34,Private Sector/Self Employed,Yes,1000000,4,0,No,No,1
1085,28,Private Sector/Self Employed,Yes,1250000,7,0,No,No,0
533,29,Private Sector/Self Employed,Yes,600000,3,0,No,No,0
37,34,Private Sector/Self Employed,Yes,700000,4,0,No,No,0
791,35,Private Sector/Self Employed,No,800000,7,0,No,No,1
1599,27,Government Sector,Yes,850000,3,0,No,No,0
1501,28,Private Sector/Self Employed,Yes,800000,4,0,No,No,0
1325,30,Private Sector/Self Employed,No,800000,4,0,No,No,1
704,33,Government Sector,Yes,700000,8,0,No,No,1
1077,27,Government Sector,Yes,1050000,4,0,No,No,0
1834,31,Private Sector/Self Employed,Yes,1100000,4,0,Yes,No,0
1076,31,Private Sector/Self Employed,Yes,1350000,4,0,No,Yes,1
333,31,Private Sector/Self Employed,Yes,1400000,6,1,No,Yes,0
269,27,Private Sector/Self Employed,No,800000,5,0,No,No,0
1120,31,Government Sector,No,300000,4,0,No,No,0
1961,26,Government Sector,Yes,500000,3,0,No,No,0
1100,27,Private Sector/Self Employed,No,450000,3,0,No,No,1
90,27,Government Sector,Yes,1050000,3,0,No,No,0
753,33,Government Sector,Yes,1100000,4,1,No,No,0
301,27,Government Sector,Yes,850000,4,1,No,No,0
12,32,Government Sector,Yes,850000,6,0,No,No,1
211,27,Private Sector/Self Employed,No,450000,5,0,No,No,0
1402,26,Private Sector/Self Employed,Yes,600000,4,1,No,No,0
378,25,Private Sector/Self Employed,Yes,1700000,5,0,Yes,No,1
498,29,Private Sector/Self Employed,Yes,600000,5,0,No,No,0
1268,33,Government Sector,Yes,1000000,5,0,No,Yes,1
1445,28,Private Sector/Self Employed,Yes,1100000,4,1,No,No,0
1749,33,Government Sector,Yes,1100000,4,1,No,Yes,0
855,26,Private Sector/Self Employed,Yes,500000,6,0,No,No,0
1105,26,Government Sector,Yes,1450000,7,0,Yes,Yes,1
1687,31,Government Sector,No,400000,4,1,No,No,0
527,28,Private Sector/Self Employed,Yes,700000,4,1,No,No,0
501,31,Private Sector/Self Employed,Yes,1250000,3,0,No,No,0
898,31,Government Sector,Yes,1300000,5,0,No,No,0
97,29,Private Sector/Self Employed,Yes,350000,7,0,No,No,0
1163,29,Private Sector/Self Employed,Yes,900000,3,0,No,No,0
1498,33,Government Sector,Yes,600000,4,0,No,No,0
1530,26,Private Sector/Self Employed,Yes,500000,5,0,No,No,0
272,28,Private Sector/Self Employed,Yes,700000,3,1,No,No,0
861,30,Private Sector/Self Employed,No,1450000,3,1,Yes,Yes,1
910,34,Government Sector,Yes,1300000,4,0,No,No,0
840,28,Private Sector/Self Employed,Yes,1100000,3,0,No,No,1
166,28,Private Sector/Self Employed,Yes,800000,7,0,No,No,0
1970,29,Private Sector/Self Employed,Yes,500000,4,0,No,No,1
48,28,Private Sector/Self Employed,Yes,600000,3,0,No,No,0
459,34,Private Sector/Self Employed,Yes,1500000,5,0,Yes,Yes,1
1000,28,Government Sector,Yes,300000,4,0,No,No,0
862,28,Government Sector,Yes,300000,3,1,No,No,0
1150,28,Private Sector/Self Employed,Yes,600000,3,0,No,No,1
147,31,Government Sector,No,400000,4,1,No,No,0
11,26,Private Sector/Self Employed,Yes,1400000,5,0,Yes,Yes,1
1819,25,Private Sector/Self Employed,Yes,1400000,3,0,No,Yes,1
801,31,Private Sector/Self Employed,Yes,500000,4,1,No,No,1
809,30,Private Sector/Self Employed,No,1450000,5,1,Yes,Yes,1
1333,28,Private Sector/Self Employed,Yes,1250000,5,0,No,No,0
144,31,Private Sector/Self Employed,Yes,1250000,4,0,No,No,0
24,31,Government Sector,Yes,1500000,7,0,Yes,Yes,0
18,29,Private Sector/Self Employed,Yes,1050000,5,1,No,No,1
1880,27,Government Sector,Yes,1050000,4,1,No,No,1
951,34,Private Sector/Self Employed,Yes,1500000,5,0,Yes,Yes,1
240,27,Private Sector/Self Employed,No,350000,7,0,No,No,0
1713,28,Private Sector/Self Employed,Yes,800000,4,0,No,No,0
624,34,Private Sector/Self Employed,Yes,1000000,9,0,No,No,0
173,26,Private Sector/Self Employed,Yes,450000,5,1,No,No,1
1244,25,Private Sector/Self Employed,No,1150000,3,1,No,Yes,0
893,31,Government Sector,Yes,400000,2,0,No,No,0
