시도명,시군구명,종량제봉투종류,종량제봉투처리방식,종량제봉투용도,종량제봉투사용대상,1ℓ가격,1.5ℓ가격,2ℓ가격,2.5ℓ가격,3ℓ가격,5ℓ가격,10ℓ가격,20ℓ가격,30ℓ가격,50ℓ가격,60ℓ가격,75ℓ가격,100ℓ가격,120ℓ가격,125ℓ가격,관리부서명,관리부서전화번호,데이터기준일자,제공기관코드,제공기관명
경기도,안양시,규격봉투,매립용,생활쓰레기,사업장용,0,0,0,0,0,150,300,550,0,1400,0,2100,0,0,0,자원순환과,031-8045-5448,2022-08-12,3830000,경기도 안양시
경기도,안양시,규격봉투,매립용,생활쓰레기,기타,0,0,0,0,0,150,300,550,0,1400,0,2100,0,0,0,자원순환과,031-8045-5448,2022-08-12,3830000,경기도 안양시
경기도,안양시,규격봉투,소각용,음식물쓰레기,가정용,0,50,0,80,0,150,300,550,0,0,0,0,0,0,0,자원순환과,031-8045-5448,2022-08-12,3830000,경기도 안양시
경기도,안양시,규격봉투,소각용,음식물쓰레기,사업장용,0,50,0,80,0,150,300,550,0,0,0,0,0,0,0,자원순환과,031-8045-5448,2022-08-12,3830000,경기도 안양시
경기도,안양시,규격봉투,소각용,음식물쓰레기,기타,0,50,0,80,0,150,300,550,0,0,0,0,0,0,0,자원순환과,031-8045-5448,2022-08-12,3830000,경기도 안양시
경기도,안양시,재사용규격봉투,소각용,생활쓰레기,가정용,0,0,0,0,0,0,300,550,0,0,0,0,0,0,0,자원순환과,031-8045-5448,2022-08-12,3830000,경기도 안양시
경기도,안양시,재사용규격봉투,소각용,생활쓰레기,사업장용,0,0,0,0,0,0,300,550,0,0,0,0,0,0,0,자원순환과,031-8045-5448,2022-08-12,3830000,경기도 안양시
경기도,안양시,재사용규격봉투,소각용,생활쓰레기,기타,0,0,0,0,0,0,300,550,0,0,0,0,0,0,0,자원순환과,031-8045-5448,2022-08-12,3830000,경기도 안양시
경기도,안양시,재사용규격봉투,매립용,생활쓰레기,가정용,0,0,0,0,0,0,300,550,0,0,0,0,0,0,0,자원순환과,031-8045-5448,2022-08-12,3830000,경기도 안양시
경기도,안양시,재사용규격봉투,매립용,생활쓰레기,사업장용,0,0,0,0,0,0,300,550,0,0,0,0,0,0,0,자원순환과,031-8045-5448,2022-08-12,3830000,경기도 안양시
경기도,안양시,재사용규격봉투,매립용,생활쓰레기,기타,0,0,0,0,0,0,300,550,0,0,0,0,0,0,0,자원순환과,031-8045-5448,2022-08-12,3830000,경기도 안양시
경기도,안양시,특수규격마대,매립용,생활쓰레기,가정용,0,0,0,0,0,0,0,1000,0,0,0,0,0,0,0,자원순환과,031-8045-5448,2022-08-12,3830000,경기도 안양시
경기도,안양시,특수규격마대,매립용,생활쓰레기,사업장용,0,0,0,0,0,0,0,1000,0,0,0,0,0,0,0,자원순환과,031-8045-5449,2022-08-12,3830000,경기도 안양시
경기도,안양시,특수규격마대,매립용,생활쓰레기,기타,0,0,0,0,0,0,0,1000,0,0,0,0,0,0,0,자원순환과,031-8045-5450,2022-08-12,3830000,경기도 안양시
경기도,안양시,규격봉투,소각용,생활쓰레기,가정용,0,0,0,0,0,150,300,550,0,1400,0,2100,0,0,0,자원순환과,031-8045-5448,2022-08-12,3830000,경기도 안양시
경기도,안양시,규격봉투,소각용,생활쓰레기,사업장용,0,0,0,0,0,150,300,550,0,1400,0,2100,0,0,0,자원순환과,031-8045-5448,2022-08-12,3830000,경기도 안양시
경기도,오산시,규격봉투,소각용,생활쓰레기,가정용,0,0,0,0,100,140,260,480,720,1200,0,2000,0,0,0,청소자원과,031-8036-6714,2022-08-04,4000000,경기도 오산시
경기도,오산시,규격봉투,소각용,음식물쓰레기,가정용,40,0,80,0,130,220,440,880,0,0,0,0,0,0,0,청소자원과,031-8036-6714,2022-08-04,4000000,경기도 오산시
경기도,오산시,재사용규격봉투,소각용,생활쓰레기,가정용,0,0,0,0,0,140,260,480,0,0,0,0,0,0,0,청소자원과,031-8036-6714,2022-08-04,4000000,경기도 오산시
경기도,오산시,특수규격마대,매립용,생활쓰레기,가정용,0,0,0,0,0,0,0,1500,0,2000,0,0,0,0,0,청소자원과,031-8036-6714,2022-08-04,4000000,경기도 오산시
서울특별시,강남구,규격봉투,소각용,생활쓰레기,가정용,0,0,0,0,0,130,250,490,740,1250,0,0,0,0,0,청소행정과,02-3423-5975,2022-08-08,3220000,서울특별시 강남구
서울특별시,강남구,재사용규격봉투,소각용,생활쓰레기,가정용,0,0,0,0,0,0,250,490,0,0,0,0,0,0,0,청소행정과,02-3423-5975,2022-08-08,3220000,서울특별시 강남구
충청남도,서산시,규격봉투,소각용,생활쓰레기,가정용,0,0,0,0,70,120,230,460,0,1150,0,0,0,0,0,자원순환과,041-660-2033,2022-08-04,4530000,충청남도 서산시
충청남도,서산시,재사용규격봉투,소각용,생활쓰레기,가정용,0,0,0,0,0,0,230,460,0,0,0,0,0,0,0,자원순환과,041-660-2033,2022-08-04,4530000,충청남도 서산시
경기도,연천군,규격봉투,소각용,음식물쓰레기,가정용,0,0,0,0,70,130,290,560,0,0,0,0,0,0,0,환경보호과,031-839-2253,2022-06-13,4140000,경기도 연천군
전라남도,함평군,규격봉투,소각용,생활쓰레기,가정용,0,0,0,0,40,65,120,220,0,530,0,780,1020,0,0,환경상하수도과,061-320-1833,2022-03-22,4960000,전라남도 함평군
서울특별시,마포구,규격봉투,소각용,생활쓰레기,사업장용,0,0,0,0,0,0,0,0,0,0,0,0,0,0,0,자원순환과,02-3153-9224,2023-03-22,3130000,서울특별시 마포구
부산광역시,남구,규격봉투,소각용,생활쓰레기,가정용,0,0,0,0,120,180,340,680,1020,1670,0,2490,0,0,0,자원순환과,051-607-4435,2023-03-16,3310000,부산광역시 남구
전라북도,무주군,규격봉투,매립용,생활쓰레기,가정용,0,0,0,0,60,100,200,390,0,980,0,0,0,0,0,환경과,063-320-2456,2023-03-07,4740000,전라북도 무주군
서울특별시,동대문구,규격봉투,소각용,음식물쓰레기,가정용,100,0,190,0,300,500,1000,0,0,0,0,0,0,0,0,청소행정과,02-2127-4725,2022-05-03,3050000,서울특별시 동대문구
서울특별시,동대문구,규격봉투,소각용,생활쓰레기,사업장용,0,0,0,0,0,0,0,0,0,0,0,0,0,0,0,청소행정과,02-2127-4725,2022-05-03,3050000,서울특별시 동대문구
서울특별시,동대문구,재사용규격봉투,소각용,생활쓰레기,가정용,0,0,0,0,0,0,250,490,0,0,0,0,0,0,0,청소행정과,02-2127-4725,2022-05-03,3050000,서울특별시 동대문구
서울특별시,동대문구,특수규격마대,매립용,생활쓰레기,가정용,0,0,0,0,0,0,1020,2040,0,0,0,0,0,0,0,청소행정과,02-2127-4725,2022-05-03,3050000,서울특별시 동대문구
경기도,파주시,규격봉투,소각용,생활쓰레기,가정용,0,0,0,0,0,220,410,800,1190,1950,0,2910,3870,0,0,자원순환과,031-940-4473,2022-04-15,4060000,경기도 파주시
경기도,파주시,규격봉투,소각용,음식물쓰레기,가정용,60,0,100,0,140,220,410,800,0,0,0,0,0,0,0,자원순환과,031-940-4473,2022-04-15,4060000,경기도 파주시
서울특별시,성북구,규격봉투,소각용,생활쓰레기,가정용,0,0,0,0,0,130,250,490,740,1250,0,0,0,0,0,청소행정과,02-2241-4418,2022-04-25,3070000,서울특별시 성북구
서울특별시,성북구,규격봉투,소각용,생활쓰레기,영업장용,0,0,0,0,0,0,0,520,780,1330,0,2000,0,0,0,청소행정과,02-2241-4418,2022-04-25,3070000,서울특별시 성북구
서울특별시,성북구,규격봉투,기타,음식물쓰레기,가정용,100,0,190,0,300,500,0,0,0,0,0,0,0,0,0,청소행정과,02-2241-4418,2022-04-25,3070000,서울특별시 성북구
서울특별시,성북구,특수규격마대,매립용,생활쓰레기,범용,0,0,0,0,0,0,1020,2040,3060,0,0,0,0,0,0,청소행정과,02-2241-4418,2022-04-25,3070000,서울특별시 성북구
서울특별시,성북구,재사용규격봉투,소각용,생활쓰레기,가정용,0,0,0,0,0,0,250,490,0,0,0,0,0,0,0,청소행정과,02-2241-4418,2022-04-25,3070000,서울특별시 성북구
서울특별시,강북구,규격봉투,소각용,생활쓰레기,가정용,0,0,0,0,0,130,250,490,740,1250,0,1880,0,0,0,서울특별시 강북구 청소행정과,02-901-6795,2022-04-20,3080000,서울특별시 강북구
서울특별시,강북구,재사용규격봉투,소각용,생활쓰레기,가정용,0,0,0,0,0,0,250,490,0,0,0,0,0,0,0,서울특별시 강북구 청소행정과,02-901-6795,2022-04-20,3080000,서울특별시 강북구
서울특별시,강북구,규격봉투,매립용,음식물쓰레기,가정용,100,0,200,0,300,500,0,0,0,0,0,0,0,0,0,서울특별시 강북구 청소행정과,02-901-6795,2022-04-20,3080000,서울특별시 강북구
서울특별시,강북구,특수규격마대,매립용,생활쓰레기,기타,0,0,0,0,0,0,1020,2040,0,5100,0,0,0,0,0,서울특별시 강북구 청소행정과,02-901-6795,2022-04-20,3080000,서울특별시 강북구
부산광역시,사하구,규격봉투,매립용,생활쓰레기,가정용,0,0,0,0,0,220,430,850,1280,2070,0,3080,0,0,0,자원순환과,051-220-4435,2022-04-18,3340000,부산광역시 사하구
부산광역시,사하구,재사용규격봉투,매립용,생활쓰레기,가정용,0,0,0,0,0,0,430,850,0,0,0,0,0,0,0,자원순환과,051-220-4435,2022-04-18,3340000,부산광역시 사하구
부산광역시,사하구,특수규격마대,매립용,생활쓰레기,가정용,0,0,0,0,0,0,0,0,3000,0,0,0,0,0,0,자원순환과,051-220-4435,2022-04-18,3340000,부산광역시 사하구
부산광역시,사하구,규격봉투,매립용,생활쓰레기,사업장용,0,0,0,0,0,0,0,0,1280,2070,0,0,0,0,0,자원순환과,051-220-4445,2022-04-18,3340000,부산광역시 사하구
부산광역시,사하구,특수규격마대,매립용,생활쓰레기,가정용,0,0,0,0,0,0,0,0,1280,0,0,0,0,0,0,자원순환과,051-220-4434,2022-04-18,3340000,부산광역시 사하구
경기도,고양시,규격봉투,소각용,생활쓰레기,가정용,0,0,0,0,120,180,360,710,0,1760,0,2640,0,0,0,고양시 자원순환과,031-8075-2685,2022-04-08,3940000,경기도 고양시
경기도,고양시,규격봉투,소각용,음식물쓰레기,가정용,50,0,90,0,120,180,360,710,0,0,0,0,0,0,0,고양시 자원순환과,031-8075-2685,2022-04-08,3940000,경기도 고양시
경기도,남양주시,규격봉투,소각용,생활쓰레기,가정용,0,0,0,0,0,190,370,740,1110,1850,0,2780,0,0,0,자원순환과,031-590-4255,2022-03-31,3990000,경기도 남양주시
경상북도,봉화군,규격봉투,매립용,생활쓰레기,가정용,0,0,0,0,50,80,150,250,0,600,0,0,1200,0,0,녹색환경과,054-679-6412,2022-04-07,5240000,경상북도 봉화군
부산광역시,북구,규격봉투,소각용,생활쓰레기,가정용,0,0,0,0,0,170,340,680,1020,1660,0,2470,0,0,0,자원순환과,051-309-4437,2022-04-05,3320000,부산광역시 북구
부산광역시,북구,재사용규격봉투,소각용,생활쓰레기,가정용,0,0,0,0,0,0,340,680,0,0,0,0,0,0,0,자원순환과,051-309-4437,2022-04-05,3320000,부산광역시 북구
전라남도,해남군,규격봉투,소각용,생활쓰레기,가정용,0,0,0,0,0,110,210,430,0,1050,0,1580,0,0,0,환경교통과,061-530-5336,2022-04-04,4930000,전라남도 해남군
전라북도,부안군,재사용규격봉투,매립용,생활쓰레기,가정용,0,0,0,0,0,0,0,700,0,0,0,0,0,0,0,부안군,063-580-4357,2022-05-26,4790000,전라북도 부안군
전라북도,부안군,재사용규격봉투,매립용,생활쓰레기,사업장용,0,0,0,0,0,0,0,700,0,0,0,0,0,0,0,부안군,063-580-4357,2022-05-26,4790000,전라북도 부안군
전라북도,부안군,재사용규격봉투,매립용,생활쓰레기,기타,0,0,0,0,0,0,0,700,0,0,0,0,0,0,0,부안군,063-580-4357,2022-05-26,4790000,전라북도 부안군
전라북도,부안군,특수규격마대,매립용,생활쓰레기,가정용,0,0,0,0,0,0,0,0,0,2500,0,0,0,0,0,부안군,063-580-4357,2022-05-26,4790000,전라북도 부안군
전라북도,부안군,특수규격마대,매립용,생활쓰레기,사업장용,0,0,0,0,0,0,0,0,0,2500,0,0,0,0,0,부안군,063-580-4357,2022-05-26,4790000,전라북도 부안군
전라북도,부안군,특수규격마대,매립용,생활쓰레기,기타,0,0,0,0,0,0,0,0,0,2500,0,0,0,0,0,부안군,063-580-4357,2022-05-26,4790000,전라북도 부안군
대구광역시,달서구,규격봉투,소각용,생활쓰레기,가정용,0,0,0,0,100,150,290,560,850,1400,0,2080,2770,0,0,청소과,053-667-2711,2022-05-16,3470000,대구광역시 달서구
서울특별시,영등포구,규격봉투,소각용,생활쓰레기,가정용,0,0,60,0,0,130,250,490,740,1250,0,1880,0,0,0,청소과,02-2670-3437,2022-05-10,3180000,서울특별시 영등포구
서울특별시,영등포구,재사용규격봉투,소각용,생활쓰레기,가정용,0,0,0,0,90,130,250,490,740,0,0,0,0,0,0,청소과,02-2670-3437,2022-05-10,3180000,서울특별시 영등포구
서울특별시,영등포구,규격봉투,기타,음식물쓰레기,가정용,100,0,190,0,300,500,1000,2000,0,0,0,0,0,0,0,청소과,02-2670-3436,2022-05-10,3180000,서울특별시 영등포구
서울특별시,영등포구,특수규격마대,매립용,생활쓰레기,가정용,0,0,0,0,0,0,1020,2040,0,0,0,0,0,0,0,청소과,02-2670-3437,2022-05-10,3180000,서울특별시 영등포구
경상북도,문경시,규격봉투,소각용,생활쓰레기,가정용,0,0,0,0,0,70,140,270,0,650,0,930,1200,0,0,환경보호과,054-550-6192,2022-05-12,5120000,경상북도 문경시
강원도,양양군,규격봉투,소각용,생활쓰레기,가정용,0,0,0,0,0,90,170,340,500,830,0,1230,1630,0,0,환경과,033-670-2186,2022-05-11,4350000,강원도 양양군
강원도,양양군,재사용규격봉투,소각용,생활쓰레기,가정용,0,0,0,0,0,0,0,340,0,0,0,0,0,0,0,환경과,033-670-2186,2022-05-11,4350000,강원도 양양군
강원도,양양군,규격봉투,기타,음식물쓰레기,가정용,0,0,40,0,60,90,170,340,0,0,0,0,0,0,0,환경과,033-670-2186,2022-05-11,4350000,강원도 양양군
강원도,양양군,특수규격마대,매립용,생활쓰레기,가정용,0,0,0,0,0,0,0,340,0,830,0,0,1630,0,0,환경과,033-670-2186,2022-05-11,4350000,강원도 양양군
인천광역시,미추홀구,규격봉투,소각용,생활쓰레기,가정용,0,0,0,0,0,160,310,620,0,1540,0,2310,0,0,0,청소행정팀,032-880-4353,2022-05-09,3510500,인천광역시 미추홀구
인천광역시,미추홀구,규격봉투,소각용,음식물쓰레기,가정용,60,0,120,0,180,300,600,1200,0,0,0,0,0,0,0,청소행정팀,032-880-4353,2022-05-09,3510500,인천광역시 미추홀구
인천광역시,미추홀구,규격봉투,매립용,생활쓰레기,사업장용,0,0,0,0,0,0,0,0,2110,0,4220,0,0,0,8790,청소행정팀,032-880-4353,2022-05-09,3510500,인천광역시 미추홀구
인천광역시,미추홀구,재사용규격봉투,소각용,생활쓰레기,가정용,0,0,0,0,0,0,310,620,0,0,0,0,0,0,0,청소행정팀,032-880-4353,2022-05-09,3510500,인천광역시 미추홀구
서울특별시,동대문구,규격봉투,소각용,생활쓰레기,가정용,0,0,0,0,0,130,250,490,740,1250,0,1880,0,0,0,청소행정과,02-2127-4725,2022-05-03,3050000,서울특별시 동대문구
울산광역시,울주군,규격봉투,소각용,생활쓰레기,가정용,0,0,0,0,0,160,310,600,0,1490,0,2220,0,0,0,환경자원과,052-204-2146,2022-08-03,3730000,울산광역시 울주군
부산광역시,서구,규격봉투,매립용,생활쓰레기,가정용,0,0,0,0,140,220,430,850,1280,2070,0,3080,0,0,0,청소행정과,051-240-4436,2022-08-04,3260000,부산광역시 서구
강원도,원주시,재사용규격봉투,기타,생활쓰레기,가정용,0,0,0,0,0,170,320,680,0,0,0,0,0,0,0,생활자원과,033-737-3086,2022-07-19,4190000,강원도 원주시
강원도,원주시,특수규격마대,매립용,생활쓰레기,사업장용,0,0,0,0,0,0,0,1200,0,2600,0,3800,0,0,0,생활자원과,033-737-3086,2022-07-19,4190000,강원도 원주시
경기도,연천군,규격봉투,매립용,생활쓰레기,가정용,0,0,0,0,0,0,0,3000,0,0,0,0,0,0,0,환경보호과,031-839-2253,2022-06-13,4140000,경기도 연천군
전라남도,담양군,규격봉투,소각용,생활쓰레기,가정용,0,0,0,0,0,90,180,310,0,900,0,1350,0,0,0,생태환경과,061-380-3076,2022-06-30,4850000,전라남도 담양군
전라북도,익산시,규격봉투,소각용,생활쓰레기,가정용,30,0,60,0,80,140,270,540,810,1350,0,0,2700,0,0,청소자원과,063-859-5477,2022-06-28,4680000,전라북도 익산시
대구광역시,서구,규격봉투,매립용,생활쓰레기,가정용,0,0,0,0,100,150,290,560,850,1400,0,2080,2770,0,0,대구광역시 서구청 환경청소과,053-663-2711,2022-06-10,3430000,대구광역시 서구
대전광역시,서구,규격봉투,소각용,생활쓰레기,기타,0,0,0,0,100,170,330,660,0,1650,0,2480,0,0,0,자원순환과,042-288-3572,2022-06-27,3660000,대전광역시 서구
경기도,동두천시,규격봉투,소각용,생활쓰레기,가정용,0,0,0,0,0,120,250,550,0,1250,0,2000,0,0,0,경기도 동두천시청 환경보호과,031-860-2100,2022-06-30,3920000,경기도 동두천시
경기도,동두천시,특수규격마대,매립용,생활쓰레기,가정용,0,0,0,0,0,0,0,2000,0,3600,0,0,0,0,0,경기도 동두천시청 환경보호과,031-860-2100,2022-06-30,3920000,경기도 동두천시
경기도,동두천시,규격봉투,기타,음식물쓰레기,가정용,30,0,50,0,70,120,250,550,0,0,0,0,0,0,0,경기도 동두천시청 환경보호과,031-860-2100,2022-06-30,3920000,경기도 동두천시
경상북도,영주시,규격봉투,소각용,생활쓰레기,가정용,0,0,0,0,0,0,0,0,0,960,0,1470,0,0,0,환경보호과,054-639-6775,2022-06-01,5090000,경상북도 영주시
경상북도,영주시,재사용규격봉투,소각용,생활쓰레기,가정용,0,0,0,0,0,120,210,390,0,0,0,0,0,0,0,환경보호과,054-639-6775,2022-06-01,5090000,경상북도 영주시
경상북도,영주시,규격봉투,매립용,생활쓰레기,가정용,0,0,0,0,0,120,210,390,0,0,0,0,0,0,0,환경보호과,054-639-6775,2022-06-01,5090000,경상북도 영주시
전라북도,장수군,재사용규격봉투,매립용,생활쓰레기,기타,0,0,0,0,0,90,180,360,540,900,0,1350,0,0,0,장수읍,063-350-1214,2022-08-23,4750000,전라북도 장수군
전라북도,장수군,재사용규격봉투,매립용,생활쓰레기,기타,0,0,0,0,0,90,180,360,540,900,0,1350,0,0,0,산서면,063-350-1263,2022-08-23,4750000,전라북도 장수군
전라북도,장수군,재사용규격봉투,매립용,생활쓰레기,기타,0,0,0,0,0,90,180,360,540,900,0,1350,0,0,0,번암면,063-350-1312,2022-08-23,4750000,전라북도 장수군
전라북도,장수군,재사용규격봉투,매립용,생활쓰레기,기타,0,0,0,0,0,90,180,360,540,900,0,1350,0,0,0,장계면,063-350-1363,2022-08-23,4750000,전라북도 장수군
전라북도,장수군,재사용규격봉투,매립용,생활쓰레기,기타,0,0,0,0,0,90,180,360,540,900,0,1350,0,0,0,천천면,063-350-1414,2022-08-23,4750000,전라북도 장수군
전라북도,장수군,재사용규격봉투,매립용,생활쓰레기,기타,0,0,0,0,0,90,180,360,540,900,0,1350,0,0,0,계남면,063-350-1463,2022-08-23,4750000,전라북도 장수군
전라북도,장수군,재사용규격봉투,매립용,생활쓰레기,기타,0,0,0,0,0,90,180,360,540,900,0,1350,0,0,0,계북면,063-350-1512,2022-08-23,4750000,전라북도 장수군
전라북도,장수군,규격봉투,매립용,생활쓰레기,기타,0,0,0,0,0,90,180,360,540,900,0,1350,0,0,0,장수읍,063-350-1214,2022-08-23,4750000,전라북도 장수군
전라북도,장수군,규격봉투,매립용,생활쓰레기,기타,0,0,0,0,0,90,180,360,540,900,0,1350,0,0,0,산서면,063-350-1263,2022-08-23,4750000,전라북도 장수군
전라북도,장수군,규격봉투,매립용,생활쓰레기,기타,0,0,0,0,0,90,180,360,540,900,0,1350,0,0,0,번암면,063-350-1312,2022-08-23,4750000,전라북도 장수군
전라북도,장수군,규격봉투,매립용,생활쓰레기,기타,0,0,0,0,0,90,180,360,540,900,0,1350,0,0,0,장계면,063-350-1363,2022-08-23,4750000,전라북도 장수군
전라북도,장수군,규격봉투,매립용,생활쓰레기,기타,0,0,0,0,0,90,180,360,540,900,0,1350,0,0,0,천천면,063-350-1414,2022-08-23,4750000,전라북도 장수군
전라북도,장수군,규격봉투,매립용,생활쓰레기,기타,0,0,0,0,0,90,180,360,540,900,0,1350,0,0,0,계남면,063-350-1463,2022-08-23,4750000,전라북도 장수군
전라북도,장수군,규격봉투,매립용,생활쓰레기,기타,0,0,0,0,0,90,180,360,540,900,0,1350,0,0,0,계북면,063-350-1512,2022-08-23,4750000,전라북도 장수군
전라북도,장수군,재사용규격봉투,소각용,생활쓰레기,기타,0,0,0,0,0,90,180,360,540,900,0,1350,0,0,0,장수읍,063-350-1214,2022-08-23,4750000,전라북도 장수군
전라북도,장수군,재사용규격봉투,소각용,생활쓰레기,기타,0,0,0,0,0,90,180,360,540,900,0,1350,0,0,0,산서면,063-350-1263,2022-08-23,4750000,전라북도 장수군
강원도,원주시,규격봉투,기타,음식물쓰레기,가정용,0,0,80,0,100,170,320,680,0,1690,0,0,0,0,0,생활자원과,033-737-3086,2022-07-19,4190000,강원도 원주시
인천광역시,동구,규격봉투,소각용,생활쓰레기,가정용,0,0,0,0,0,160,310,620,0,1540,0,0,3070,0,0,자원순환과,032-770-6412,2022-07-07,3500000,인천광역시 동구
인천광역시,동구,규격봉투,소각용,음식물쓰레기,가정용,0,0,0,0,0,0,0,1290,0,0,0,0,0,0,0,자원순환과,032-770-6423,2022-07-07,3500000,인천광역시 동구
인천광역시,동구,규격봉투,소각용,생활쓰레기,가정용,0,0,0,0,0,0,0,0,0,2560,0,0,5130,0,0,자원순환과,032-770-6412,2022-07-07,3500000,인천광역시 동구
인천광역시,동구,특수규격마대,매립용,생활쓰레기,가정용,0,0,0,0,0,0,0,0,0,1400,0,0,0,0,0,자원순환과,032-770-6412,2022-07-07,3500000,인천광역시 동구
경상남도,거창군,재사용규격봉투,소각용,생활쓰레기,가정용,0,0,0,0,0,0,200,400,0,0,0,0,0,0,0,환경과,055-940-3500,2022-06-30,5470000,경상남도 거창군
경상남도,거창군,특수규격마대,소각용,생활쓰레기,가정용,0,0,0,0,0,0,0,0,0,1060,0,0,0,0,0,환경과,055-940-3500,2022-06-30,5470000,경상남도 거창군
부산광역시,기장군,규격봉투,소각용,생활쓰레기,가정용,0,0,0,0,0,150,300,590,0,1470,0,2200,0,0,0,청소자원과,051-709-4432,2022-05-27,3400000,부산광역시 기장군
경기도,부천시,재사용규격봉투,소각용,생활쓰레기,가정용,0,0,0,0,0,0,300,600,0,0,0,0,0,0,0,자원순환과,032-625-3188,2022-05-23,3860000,경기도 부천시
경기도,부천시,특수규격마대,매립용,생활쓰레기,가정용,0,0,0,0,0,0,300,0,900,0,0,0,0,0,0,자원순환과,032-625-3188,2022-05-23,3860000,경기도 부천시
경기도,부천시,규격봉투,소각용,생활쓰레기,가정용,0,0,0,0,0,150,300,600,0,1500,0,2250,0,0,0,자원순환과,032-625-3188,2022-05-23,3860000,경기도 부천시
경기도,부천시,규격봉투,매립용,음식물쓰레기,가정용,30,0,60,0,90,150,300,600,900,0,0,0,0,0,0,자원순환과,032-625-3188,2022-05-23,3860000,경기도 부천시
경기도,부천시,규격봉투,소각용,생활쓰레기,기타,0,0,0,0,0,0,0,0,0,0,0,0,0,0,0,자원순환과,032-625-3188,2022-05-23,3860000,경기도 부천시
전라북도,정읍시,규격봉투,소각용,생활쓰레기,가정용,0,0,0,0,0,90,170,310,0,770,0,0,0,0,0,환경과,063-539-5726,2022-05-25,4690000,전라북도 정읍시
전라북도,정읍시,재사용규격봉투,소각용,생활쓰레기,가정용,0,0,0,0,0,0,0,180,0,0,0,0,0,0,0,환경과,063-539-5726,2022-05-25,4690000,전라북도 정읍시
전라북도,정읍시,특수규격마대,매립용,생활쓰레기,가정용,0,0,0,0,0,0,0,0,0,0,3000,0,0,0,0,환경과,063-539-5726,2022-05-25,4690000,전라북도 정읍시
전라북도,정읍시,규격봉투,매립용,음식물쓰레기,가정용,0,0,0,0,150,250,0,0,0,0,0,0,0,0,0,환경과,063-539-5726,2022-05-25,4690000,전라북도 정읍시
전라북도,부안군,규격봉투,매립용,생활쓰레기,가정용,0,0,0,0,110,200,350,700,1000,1600,0,0,0,0,0,부안군,063-580-4357,2022-05-26,4790000,전라북도 부안군
전라북도,부안군,규격봉투,매립용,생활쓰레기,사업장용,0,0,0,0,110,200,350,700,1000,1600,0,0,0,0,0,부안군,063-580-4357,2022-05-26,4790000,전라북도 부안군
전라북도,부안군,규격봉투,매립용,생활쓰레기,기타,0,0,0,0,110,200,350,700,1000,1600,0,0,0,0,0,부안군,063-580-4357,2022-05-26,4790000,전라북도 부안군
전라북도,장수군,재사용규격봉투,소각용,생활쓰레기,기타,0,0,0,0,0,90,180,360,540,900,0,1350,0,0,0,번암면,063-350-1312,2022-08-23,4750000,전라북도 장수군
전라북도,장수군,재사용규격봉투,소각용,생활쓰레기,기타,0,0,0,0,0,90,180,360,540,900,0,1350,0,0,0,장계면,063-350-1363,2022-08-23,4750000,전라북도 장수군
전라북도,장수군,재사용규격봉투,소각용,생활쓰레기,기타,0,0,0,0,0,90,180,360,540,900,0,1350,0,0,0,천천면,063-350-1414,2022-08-23,4750000,전라북도 장수군
전라북도,장수군,재사용규격봉투,소각용,생활쓰레기,기타,0,0,0,0,0,90,180,360,540,900,0,1350,0,0,0,계남면,063-350-1463,2022-08-23,4750000,전라북도 장수군
전라북도,장수군,재사용규격봉투,소각용,생활쓰레기,기타,0,0,0,0,0,90,180,360,540,900,0,1350,0,0,0,계북면,063-350-1512,2022-08-23,4750000,전라북도 장수군
전라북도,장수군,규격봉투,소각용,생활쓰레기,기타,0,0,0,0,0,90,180,360,540,900,0,1350,0,0,0,장수읍,063-350-1214,2022-08-23,4750000,전라북도 장수군
전라북도,장수군,규격봉투,소각용,생활쓰레기,기타,0,0,0,0,0,90,180,360,540,900,0,1350,0,0,0,산서면,063-350-1263,2022-08-23,4750000,전라북도 장수군
전라북도,장수군,규격봉투,소각용,생활쓰레기,기타,0,0,0,0,0,90,180,360,540,900,0,1350,0,0,0,번암면,063-350-1312,2022-08-23,4750000,전라북도 장수군
전라북도,장수군,규격봉투,소각용,생활쓰레기,기타,0,0,0,0,0,90,180,360,540,900,0,1350,0,0,0,장계면,063-350-1363,2022-08-23,4750000,전라북도 장수군
전라북도,장수군,규격봉투,소각용,생활쓰레기,기타,0,0,0,0,0,90,180,360,540,900,0,1350,0,0,0,천천면,063-350-1414,2022-08-23,4750000,전라북도 장수군
전라북도,장수군,규격봉투,소각용,생활쓰레기,기타,0,0,0,0,0,90,180,360,540,900,0,1350,0,0,0,계남면,063-350-1463,2022-08-23,4750000,전라북도 장수군
전라북도,장수군,규격봉투,소각용,생활쓰레기,기타,0,0,0,0,0,90,180,360,540,900,0,1350,0,0,0,계북면,063-350-1512,2022-08-23,4750000,전라북도 장수군
전라북도,장수군,재사용규격봉투,소각용,음식물쓰레기,기타,0,0,0,0,70,90,180,360,540,900,0,1350,0,0,0,장수읍,063-350-1214,2022-08-23,4750000,전라북도 장수군
전라북도,장수군,재사용규격봉투,소각용,음식물쓰레기,기타,0,0,0,0,70,90,180,360,540,900,0,1350,0,0,0,산서면,063-350-1263,2022-08-23,4750000,전라북도 장수군
전라북도,장수군,재사용규격봉투,소각용,음식물쓰레기,기타,0,0,0,0,70,90,180,360,540,900,0,1350,0,0,0,번암면,063-350-1312,2022-08-23,4750000,전라북도 장수군
전라북도,장수군,재사용규격봉투,소각용,음식물쓰레기,기타,0,0,0,0,70,90,180,360,540,900,0,1350,0,0,0,장계면,063-350-1363,2022-08-23,4750000,전라북도 장수군
전라북도,장수군,재사용규격봉투,소각용,음식물쓰레기,기타,0,0,0,0,70,90,180,360,540,900,0,1350,0,0,0,천천면,063-350-1414,2022-08-23,4750000,전라북도 장수군
전라북도,장수군,재사용규격봉투,소각용,음식물쓰레기,기타,0,0,0,0,70,90,180,360,540,900,0,1350,0,0,0,계남면,063-350-1463,2022-08-23,4750000,전라북도 장수군
경상남도,산청군,특수규격마대,소각용,생활쓰레기,가정용,0,0,0,0,0,0,0,600,0,1500,0,0,0,0,0,환경위생과,055-970-7163,2022-11-18,5450000,경상남도 산청군
경상북도,포항시,규격봉투,소각용,생활쓰레기,가정용,0,0,0,0,130,220,450,900,0,2250,0,3370,0,0,0,자원순환과,054-270-3156,2022-06-09,5020000,경상북도 포항시
경상북도,구미시,규격봉투,소각용,생활쓰레기,가정용,0,0,0,0,0,150,300,600,0,1500,0,2250,0,0,0,자원순환과,054-480-5206,2022-06-28,5080000,경상북도 구미시
경상북도,구미시,특수규격마대,매립용,생활쓰레기,가정용,0,0,0,0,0,0,1000,0,0,0,0,0,0,0,0,자원순환과,054-480-5206,2022-06-28,5080000,경상북도 구미시
경상북도,구미시,재사용규격봉투,소각용,생활쓰레기,가정용,0,0,0,0,0,0,300,600,0,0,0,0,0,0,0,자원순환과,054-480-5206,2022-06-28,5080000,경상북도 구미시
경상북도,구미시,규격봉투,소각용,음식물쓰레기,가정용,0,0,0,0,0,0,0,1000,0,0,0,0,0,0,0,자원순환과,054-480-5206,2022-06-28,5080000,경상북도 구미시
경기도,구리시,규격봉투,소각용,생활쓰레기,가정용,0,0,0,0,90,140,260,510,0,1250,0,1860,2470,0,0,자원행정과,031-550-2251,2022-05-23,3980000,경기도 구리시
제주특별자치도,제주시,재사용규격봉투,소각용,생활쓰레기,가정용,0,0,0,0,0,120,240,700,1050,0,0,0,0,0,0,생활환경과,064-728-3154,2022-06-17,6510000,제주특별자치도 제주시
제주특별자치도,제주시,특수규격마대,매립용,생활쓰레기,가정용,0,0,0,0,0,0,0,1800,0,0,0,0,0,0,0,생활환경과,064-728-3154,2022-06-17,6510000,제주특별자치도 제주시
전라북도,순창군,규격봉투,소각용,생활쓰레기,가정용,0,0,0,0,0,120,190,380,560,900,0,0,2000,0,0,환경수도과,063-650-1725,2022-06-15,4770000,전라북도 순창군
경기도,양평군,특수규격마대,매립용,생활쓰레기,가정용,0,0,0,0,0,0,790,1550,0,0,0,0,0,0,0,환경과,031-770-2252,2022-05-30,4170000,경기도 양평군
강원도,인제군,규격봉투,소각용,생활쓰레기,가정용,0,0,40,0,60,90,150,300,0,740,0,0,1470,1700,0,환경보호과,033-460-2063,2022-06-07,4330000,강원도 인제군
강원도,인제군,규격봉투,매립용,생활쓰레기,가정용,0,0,40,0,60,90,150,300,0,740,0,0,1470,1700,0,환경보호과,033-460-2063,2022-06-07,4330000,강원도 인제군
대전광역시,대덕구,규격봉투,소각용,생활쓰레기,가정용,0,0,0,0,100,170,330,660,0,1650,0,2480,0,0,0,기후환경과,042-608-6834,2022-06-09,3680000,대전광역시 대덕구
대전광역시,대덕구,재사용규격봉투,소각용,생활쓰레기,가정용,0,0,0,0,0,0,330,660,0,0,0,0,0,0,0,기후환경과,042-608-6834,2022-06-09,3680000,대전광역시 대덕구
대전광역시,대덕구,특수규격마대,매립용,생활쓰레기,가정용,0,0,0,0,0,0,0,0,0,2630,0,0,0,0,0,기후환경과,042-608-6834,2022-06-09,3680000,대전광역시 대덕구
부산광역시,영도구,규격봉투,소각용,생활쓰레기,가정용,0,0,0,0,0,220,430,850,1280,2070,0,3080,0,0,0,청소행정과,051-419-4434,2022-05-30,3280000,부산광역시 영도구
경기도,양주시,규격봉투,소각용,생활쓰레기,가정용,0,0,0,0,90,150,300,600,0,1500,0,2250,0,0,0,양주시 청소행정과,031-8082-6903,2022-05-30,5590000,경기도 양주시
경기도,양주시,특수규격마대,매립용,생활쓰레기,가정용,0,0,0,0,0,0,1000,2000,0,5000,0,0,0,0,0,양주시 청소행정과,031-8082-6903,2022-05-30,5590000,경기도 양주시
경기도,양주시,규격봉투,매립용,음식물쓰레기,가정용,30,0,0,0,90,150,300,600,0,0,0,0,0,0,0,양주시 청소행정과,031-8082-6903,2022-05-30,5590000,경기도 양주시
전라남도,곡성군,규격봉투,매립용,생활쓰레기,가정용,0,0,0,0,0,0,310,530,0,1270,0,1970,0,0,0,환경과,061-360-8521,2023-04-04,4860000,전라남도 곡성군
경상북도,예천군,규격봉투,소각용,생활쓰레기,가정용,0,0,0,0,0,80,150,300,0,720,0,1080,0,0,0,환경관리과,054-650-6194,2023-03-30,5230000,경상북도 예천군
경상북도,예천군,규격봉투,소각용,음식물쓰레기,가정용,0,0,60,0,90,150,300,600,0,0,0,0,0,0,0,환경관리과,054-650-6194,2023-03-30,5230000,경상북도 예천군
대구광역시,북구,규격봉투,소각용,생활쓰레기,가정용,0,0,0,0,100,150,290,560,850,1400,0,2080,0,0,0,대구광역시 북구 자원순환과,053-665-2585,2023-03-28,3450000,대구광역시 북구
전라남도,영암군,규격봉투,소각용,생활쓰레기,가정용,0,0,0,0,0,110,230,460,0,1160,0,1730,2310,0,0,환경기후과,061-470-2336,2023-03-28,4940000,전라남도 영암군
경상남도,남해군,규격봉투,매립용,생활쓰레기,가정용,0,0,0,0,0,100,200,400,0,1000,0,0,0,0,0,남해군청 환경과,055-860-3263,2023-03-27,5430000,경상남도 남해군
광주광역시,광산구,규격봉투,매립용,생활쓰레기,가정용,0,0,0,0,0,200,380,740,1110,1830,0,2730,0,0,0,청소행정과,062-960-8486,2023-03-24,3630000,광주광역시 광산구
서울특별시,마포구,특수규격마대,기타,생활쓰레기,가정용,0,0,0,0,0,0,0,2040,0,0,0,0,0,0,0,자원순환과,02-3153-9224,2023-03-22,3130000,서울특별시 마포구
서울특별시,마포구,재사용규격봉투,소각용,생활쓰레기,가정용,0,0,0,0,0,0,250,490,0,0,0,0,0,0,0,자원순환과,02-3153-9224,2023-03-22,3130000,서울특별시 마포구
서울특별시,마포구,규격봉투,매립용,음식물쓰레기,가정용,100,0,190,0,300,500,0,0,0,0,0,0,0,0,0,자원순환과,02-3153-9224,2023-03-22,3130000,서울특별시 마포구
서울특별시,마포구,규격봉투,매립용,음식물쓰레기,사업장용,0,0,0,0,0,0,1400,2800,0,0,0,0,0,0,0,자원순환과,02-3153-9224,2023-03-22,3130000,서울특별시 마포구
서울특별시,마포구,규격봉투,소각용,생활쓰레기,가정용,0,0,0,0,0,130,250,490,740,1250,0,1880,0,0,0,자원순환과,02-3153-9224,2023-03-22,3130000,서울특별시 마포구
경상북도,영주시,규격봉투,기타,음식물쓰레기,가정용,0,0,60,0,90,150,300,600,0,0,0,0,0,0,0,환경보호과,054-639-6775,2022-06-01,5090000,경상북도 영주시
경상북도,영천시,재사용규격봉투,소각용,생활쓰레기,가정용,0,0,0,0,0,90,180,360,0,0,0,0,0,0,0,자원순환과,054-330-6193,2022-06-24,5100000,경상북도 영천시
경상북도,영천시,규격봉투,소각용,생활쓰레기,가정용,0,0,0,0,0,90,180,360,0,900,0,1350,1800,0,0,자원순환과,054-330-6193,2022-06-24,5100000,경상북도 영천시
경상북도,안동시,규격봉투,소각용,생활쓰레기,가정용,0,0,0,0,0,80,150,300,0,720,0,0,1440,0,0,자원순환과,054-840-5291,2022-06-30,5070000,경상북도 안동시
경상북도,안동시,규격봉투,소각용,음식물쓰레기,가정용,0,0,0,0,60,80,150,300,0,0,0,0,0,0,0,자원순환과,054-840-5291,2022-06-30,5070000,경상북도 안동시
경상북도,안동시,재사용규격봉투,소각용,생활쓰레기,가정용,0,0,0,0,0,0,150,300,0,0,0,0,0,0,0,자원순환과,054-840-5291,2022-06-30,5070000,경상북도 안동시
경상북도,안동시,규격봉투,매립용,생활쓰레기,가정용,0,0,0,0,0,80,150,0,0,0,0,0,0,0,0,자원순환과,054-840-5291,2022-06-30,5070000,경상북도 안동시
충청북도,단양군,규격봉투,소각용,생활쓰레기,가정용,0,0,0,0,0,100,200,300,0,800,0,0,1400,0,0,환경과,043-420-2684,2022-06-17,4480000,충청북도 단양군
충청북도,단양군,재사용규격봉투,소각용,생활쓰레기,가정용,0,0,0,0,0,0,0,300,0,0,0,0,0,0,0,환경과,043-420-2684,2022-06-17,4480000,충청북도 단양군
부산광역시,강서구,규격봉투,소각용,생활쓰레기,가정용,0,0,0,0,0,150,270,510,780,1240,0,1830,0,0,0,청소행정과,051-970-4434,2022-06-10,3360000,부산광역시 강서구
강원도,홍천군,규격봉투,기타,음식물쓰레기,가정용,0,0,45,0,70,120,230,450,0,0,0,0,0,0,0,환경과,033-430-2633,2022-06-22,4250000,강원도 홍천군
강원도,홍천군,규격봉투,소각용,생활쓰레기,가정용,0,0,0,0,0,0,230,450,0,1110,0,0,2200,0,0,환경과,033-430-2633,2022-06-22,4250000,강원도 홍천군
강원도,홍천군,규격봉투,매립용,생활쓰레기,가정용,0,0,0,0,0,0,230,450,0,0,0,0,0,0,0,환경과,033-430-2633,2022-06-22,4250000,강원도 홍천군
경상북도,경산시,재사용규격봉투,소각용,생활쓰레기,가정용,0,0,0,0,0,120,220,430,0,1050,0,0,2090,0,0,자원순환과,053-810-6056,2022-06-14,5130000,경상북도 경산시
대구광역시,달성군,규격봉투,매립용,생활쓰레기,가정용,0,0,0,0,0,150,290,560,850,1400,0,2080,2770,0,0,청소위생과,053-668-2713,2022-06-10,3480000,대구광역시 달성군
전라남도,화순군,규격봉투,매립용,생활쓰레기,가정용,0,0,0,0,0,100,190,380,0,920,0,0,0,0,0,환경과,061-379-3604,2022-06-14,4900000,전라남도 화순군
경기도,안산시,규격봉투,매립용,음식물쓰레기,가정용,40,0,60,0,90,130,250,500,0,1200,0,0,2400,0,0,자원순환과,031-481-3530,2022-08-20,3930000,경기도 안산시
서울특별시,중랑구,규격봉투,소각용,생활쓰레기,가정용,0,0,0,0,0,130,250,490,740,1250,0,1880,0,0,0,청소행정과,02-2094-1947,2022-08-30,3060000,서울특별시 중랑구
서울특별시,중랑구,규격봉투,소각용,음식물쓰레기,가정용,100,0,190,0,300,500,0,0,0,0,0,0,0,0,0,청소행정과,02-2094-1947,2022-08-30,3060000,서울특별시 중랑구
서울특별시,중랑구,규격봉투,소각용,생활쓰레기,사업장용,0,0,0,0,0,0,0,0,0,2000,0,0,0,0,0,청소행정과,02-2094-1947,2022-08-30,3060000,서울특별시 중랑구
서울특별시,중랑구,특수규격마대,매립용,생활쓰레기,가정용,0,0,0,0,0,0,0,2040,0,0,0,0,0,0,0,청소행정과,02-2094-1947,2022-08-30,3060000,서울특별시 중랑구
인천광역시,중구,규격봉투,소각용,생활쓰레기,가정용,0,0,0,0,0,160,310,620,0,1540,0,2300,3060,0,0,환경보호과,032-760-7410,2022-08-30,3490000,인천광역시 중구
인천광역시,중구,규격봉투,매립용,생활쓰레기,가정용,0,0,0,0,0,160,310,620,0,1540,0,2300,3060,0,0,환경보호과,032-760-7410,2022-08-30,3490000,인천광역시 중구
인천광역시,중구,재사용규격봉투,소각용,생활쓰레기,가정용,0,0,0,0,0,0,310,620,0,0,0,0,0,0,0,환경보호과,032-760-7410,2022-08-30,3490000,인천광역시 중구
서울특별시,중구,재사용규격봉투,소각용,생활쓰레기,가정용,0,0,0,0,90,0,0,490,0,0,0,0,0,0,0,청소행정과,02-3396-5459,2023-04-10,3010000,서울특별시 중구
서울특별시,중구,특수규격마대,매립용,생활쓰레기,가정용,0,0,0,0,0,0,0,2040,0,5100,0,0,0,0,0,청소행정과,02-3396-5459,2023-04-10,3010000,서울특별시 중구
서울특별시,중구,규격봉투,소각용,생활쓰레기,사업장용,0,0,0,0,0,0,0,0,0,2000,0,3000,4000,0,0,청소행정과,02-3396-5459,2023-04-10,3010000,서울특별시 중구
충청남도,아산시,규격봉투,소각용,생활쓰레기,가정용,20,0,40,0,60,100,180,350,0,850,0,1300,0,0,0,아산시시설관리공단 환경시설팀,041-538-1921,2023-03-28,4520000,충청남도 아산시
대구광역시,동구,규격봉투,소각용,생활쓰레기,가정용,0,0,0,0,100,150,290,560,850,1400,0,2080,0,0,0,청소자원과,053-662-2736,2023-04-05,3420000,대구광역시 동구
서울특별시,성동구,특수규격마대,소각용,생활쓰레기,가정용,0,0,0,0,0,0,1020,2040,0,5100,0,0,0,0,0,청소행정과,02-2286-5528,2022-06-17,3030000,서울특별시 성동구
서울특별시,성동구,특수규격마대,매립용,생활쓰레기,가정용,0,0,0,0,0,0,1020,2040,0,5100,0,0,0,0,0,청소행정과,02-2286-5528,2022-06-17,3030000,서울특별시 성동구
서울특별시,성동구,재사용규격봉투,소각용,생활쓰레기,가정용,0,0,0,0,0,130,250,490,0,0,0,0,0,0,0,청소행정과,02-2286-5528,2022-06-17,3030000,서울특별시 성동구
서울특별시,성동구,재사용규격봉투,매립용,생활쓰레기,가정용,0,0,0,0,0,130,250,490,0,0,0,0,0,0,0,청소행정과,02-2286-5528,2022-06-17,3030000,서울특별시 성동구
전라남도,진도군,규격봉투,소각용,생활쓰레기,가정용,0,0,0,0,0,70,140,260,390,650,0,0,0,0,0,환경산림과,061-540-3763,2022-06-17,5000000,전라남도 진도군
전라북도,완주군,규격봉투,소각용,생활쓰레기,가정용,0,0,0,0,0,110,220,420,0,1100,0,1450,0,0,0,환경과,063-290-2618,2022-11-24,4720000,전라북도 완주군
전라북도,남원시,규격봉투,매립용,생활쓰레기,가정용,0,0,0,0,0,80,160,280,410,700,0,0,0,0,0,전라북도 남원시 환경과,063-620-6244,2022-11-29,4700000,전라북도 남원시
전라북도,남원시,재사용규격봉투,매립용,생활쓰레기,가정용,0,0,0,0,0,80,160,280,410,700,0,0,0,0,0,전라북도 남원시 환경과,063-620-6244,2022-11-29,4700000,전라북도 남원시
전라남도,목포시,규격봉투,소각용,생활쓰레기,가정용,0,0,0,0,0,110,210,400,600,990,0,1470,1950,0,0,자원순환과,061-270-8561,2022-11-29,4800000,전라남도 목포시
서울특별시,서초구,규격봉투,소각용,생활쓰레기,가정용,0,0,60,0,0,130,250,490,0,1250,0,0,0,0,0,청소행정과,02-2155-6723,2022-11-30,3210000,서울특별시 서초구
서울특별시,서초구,규격봉투,소각용,생활쓰레기,영업용,0,0,0,0,0,0,0,520,0,1330,0,2000,0,0,0,청소행정과,02-2155-6723,2022-11-30,3210000,서울특별시 서초구
서울특별시,서초구,규격봉투,기타,음식물쓰레기,가정용,100,0,200,0,300,500,1000,2000,0,0,0,0,0,0,0,청소행정과,02-2155-6723,2022-11-30,3210000,서울특별시 서초구
서울특별시,서초구,재사용규격봉투,소각용,생활쓰레기,가정용,0,0,0,0,0,0,250,490,0,0,0,0,0,0,0,청소행정과,02-2155-6723,2022-11-30,3210000,서울특별시 서초구
서울특별시,서초구,특수규격마대,매립용,생활쓰레기,기타,0,0,0,0,0,0,0,2040,0,5100,0,0,0,0,0,청소행정과,02-2155-6723,2022-11-30,3210000,서울특별시 서초구
부산광역시,연제구,규격봉투,소각용,생활쓰레기,가정용,0,0,0,0,130,200,390,770,1150,1860,0,2770,3680,0,0,자원순환과,051-665-4436,2022-11-24,3370000,부산광역시 연제구
경기도,군포시,규격봉투,소각용,생활쓰레기,가정용,50,0,0,0,140,240,450,900,0,2220,0,3330,0,0,0,위생자원과,031-390-0353,2022-11-22,4020000,경기도 군포시
경기도,군포시,규격봉투,소각용,음식물쓰레기,가정용,50,0,100,0,0,250,800,1600,0,0,0,0,0,0,0,위생자원과,031-390-0353,2022-11-22,4020000,경기도 군포시
경기도,군포시,규격봉투,소각용,생활쓰레기,사업장용,0,0,0,0,0,0,0,0,0,3330,0,5000,0,0,0,위생자원과,031-390-0353,2022-11-22,4020000,경기도 군포시
경기도,군포시,특수규격마대,매립용,생활쓰레기,가정용,0,0,0,0,0,0,2500,5000,0,0,0,0,0,0,0,위생자원과,031-390-0353,2022-11-22,4020000,경기도 군포시
경상북도,군위군,규격봉투,소각용,생활쓰레기,가정용,0,0,0,0,0,70,130,240,0,600,0,0,1190,0,0,환경위생과,054-380-7983,2022-11-26,5140000,경상북도 군위군
경상남도,하동군,규격봉투,소각용,생활쓰레기,가정용,0,0,0,0,0,100,200,400,0,900,0,1350,0,0,0,환경보호과,055-880-2584,2022-11-30,5440000,경상남도 하동군
경상남도,산청군,규격봉투,매립용,생활쓰레기,가정용,0,0,0,0,80,120,230,450,0,1130,0,1690,0,0,0,환경위생과,055-970-7163,2022-11-18,5450000,경상남도 산청군
경상남도,산청군,규격봉투,소각용,생활쓰레기,가정용,0,0,0,0,80,120,230,450,0,1130,0,1690,0,0,0,환경위생과,055-970-7163,2022-11-18,5450000,경상남도 산청군
경상남도,산청군,특수규격마대,매립용,생활쓰레기,가정용,0,0,0,0,0,0,0,600,0,1500,0,0,0,0,0,환경위생과,055-970-7163,2022-11-18,5450000,경상남도 산청군
충청북도,보은군,규격봉투,매립용,생활쓰레기,가정용,0,0,0,0,0,80,140,270,0,650,0,1000,1300,0,0,환경위생과,043-540-3265,2022-07-12,4420000,충청북도 보은군
전라남도,보성군,규격봉투,소각용,생활쓰레기,가정용,0,0,0,0,0,90,140,260,0,640,0,950,0,0,0,환경생태과,061-850-5344,2022-07-12,4890000,전라남도 보성군
부산광역시,동구,규격봉투,소각용,생활쓰레기,가정용,0,0,0,0,140,220,430,850,1280,2070,0,3080,0,0,0,자원순환과,051-440-4438,2022-07-12,3270000,부산광역시 동구
부산광역시,동구,특수규격마대,매립용,생활쓰레기,가정용,0,0,0,0,0,0,0,0,0,3470,0,0,0,0,0,자원순환과,051-440-4438,2022-07-12,3270000,부산광역시 동구
부산광역시,동구,재사용규격봉투,소각용,생활쓰레기,가정용,0,0,0,0,0,0,430,850,0,0,0,0,0,0,0,자원순환과,051-440-4438,2022-07-12,3270000,부산광역시 동구
부산광역시,동구,규격봉투,소각용,생활쓰레기,사업장용,0,0,0,0,0,0,0,0,0,2270,0,3530,0,0,0,자원순환과,051-440-4438,2022-07-12,3270000,부산광역시 동구
대구광역시,수성구,규격봉투,매립용,생활쓰레기,가정용,0,0,0,0,100,150,290,560,0,1400,0,2080,0,0,0,자원순환과,053-666-2716,2022-07-08,3460000,대구광역시 수성구
경기도,과천시,규격봉투,소각용,생활쓰레기,가정용,0,0,60,0,70,120,230,440,0,1100,0,0,2200,0,0,환경위생과,02-3677-2253,2022-07-09,3970000,경기도 과천시
경기도,과천시,규격봉투,소각용,음식물쓰레기,가정용,30,0,60,0,70,120,230,440,0,1100,0,0,0,0,0,환경위생과,02-3677-2253,2022-07-09,3970000,경기도 과천시
경기도,과천시,규격봉투,소각용,생활쓰레기,가정용,0,0,0,0,0,0,230,440,0,0,0,0,0,0,0,환경위생과,02-3677-2253,2022-07-09,3970000,경기도 과천시
강원도,삼척시,규격봉투,매립용,생활쓰레기,가정용,0,0,0,0,0,0,0,290,0,0,0,0,0,0,0,환경과,033-570-3338,2022-07-07,4240000,강원도 삼척시
강원도,삼척시,규격봉투,매립용,음식물쓰레기,가정용,0,0,0,0,50,80,150,290,0,0,0,0,0,0,0,환경과,033-570-3338,2022-07-07,4240000,강원도 삼척시
강원도,삼척시,규격봉투,매립용,생활쓰레기,가정용,0,0,0,0,0,0,150,290,0,710,0,1100,0,0,0,환경과,033-570-3338,2022-07-07,4240000,강원도 삼척시
경상남도,거창군,규격봉투,소각용,생활쓰레기,가정용,0,0,0,0,0,100,200,400,0,900,0,1350,0,0,0,환경과,055-940-3500,2022-06-30,5470000,경상남도 거창군
전라북도,장수군,규격봉투,소각용,생활쓰레기,사업장용,0,0,0,0,0,90,180,360,540,900,0,1350,0,0,0,천천면,063-350-1414,2022-08-23,4750000,전라북도 장수군
전라북도,장수군,규격봉투,소각용,생활쓰레기,사업장용,0,0,0,0,0,90,180,360,540,900,0,1350,0,0,0,계남면,063-350-1463,2022-08-23,4750000,전라북도 장수군
전라북도,장수군,규격봉투,소각용,생활쓰레기,사업장용,0,0,0,0,0,90,180,360,540,900,0,1350,0,0,0,계북면,063-350-1512,2022-08-23,4750000,전라북도 장수군
전라북도,장수군,재사용규격봉투,소각용,음식물쓰레기,사업장용,0,0,0,0,70,90,180,360,540,900,0,1350,0,0,0,장수읍,063-350-1214,2022-08-23,4750000,전라북도 장수군
전라북도,장수군,재사용규격봉투,소각용,음식물쓰레기,사업장용,0,0,0,0,70,90,180,360,540,900,0,1350,0,0,0,산서면,063-350-1263,2022-08-23,4750000,전라북도 장수군
전라북도,장수군,재사용규격봉투,소각용,음식물쓰레기,사업장용,0,0,0,0,70,90,180,360,540,900,0,1350,0,0,0,번암면,063-350-1312,2022-08-23,4750000,전라북도 장수군
전라북도,장수군,재사용규격봉투,소각용,음식물쓰레기,사업장용,0,0,0,0,70,90,180,360,540,900,0,1350,0,0,0,장계면,063-350-1363,2022-08-23,4750000,전라북도 장수군
전라북도,장수군,재사용규격봉투,소각용,음식물쓰레기,사업장용,0,0,0,0,70,90,180,360,540,900,0,1350,0,0,0,천천면,063-350-1414,2022-08-23,4750000,전라북도 장수군
전라북도,장수군,재사용규격봉투,소각용,음식물쓰레기,사업장용,0,0,0,0,70,90,180,360,540,900,0,1350,0,0,0,계남면,063-350-1463,2022-08-23,4750000,전라북도 장수군
전라북도,장수군,재사용규격봉투,소각용,음식물쓰레기,사업장용,0,0,0,0,70,90,180,360,540,900,0,1350,0,0,0,계북면,063-350-1512,2022-08-23,4750000,전라북도 장수군
전라북도,장수군,규격봉투,소각용,음식물쓰레기,사업장용,0,0,0,0,70,90,180,360,540,900,0,1350,0,0,0,장수읍,063-350-1214,2022-08-23,4750000,전라북도 장수군
전라북도,장수군,규격봉투,소각용,음식물쓰레기,사업장용,0,0,0,0,70,90,180,360,540,900,0,1350,0,0,0,산서면,063-350-1263,2022-08-23,4750000,전라북도 장수군
전라북도,장수군,규격봉투,소각용,음식물쓰레기,사업장용,0,0,0,0,70,90,180,360,540,900,0,1350,0,0,0,번암면,063-350-1312,2022-08-23,4750000,전라북도 장수군
전라북도,장수군,규격봉투,소각용,음식물쓰레기,사업장용,0,0,0,0,70,90,180,360,540,900,0,1350,0,0,0,장계면,063-350-1363,2022-08-23,4750000,전라북도 장수군
전라북도,장수군,규격봉투,소각용,음식물쓰레기,사업장용,0,0,0,0,70,90,180,360,540,900,0,1350,0,0,0,천천면,063-350-1414,2022-08-23,4750000,전라북도 장수군
전라북도,장수군,규격봉투,소각용,음식물쓰레기,사업장용,0,0,0,0,70,90,180,360,540,900,0,1350,0,0,0,계남면,063-350-1463,2022-08-23,4750000,전라북도 장수군
전라북도,장수군,규격봉투,소각용,음식물쓰레기,사업장용,0,0,0,0,70,90,180,360,540,900,0,1350,0,0,0,계북면,063-350-1512,2022-08-23,4750000,전라북도 장수군
경상북도,경주시,재사용규격봉투,소각용,생활쓰레기,가정용,0,0,0,0,0,0,180,350,520,0,0,0,0,0,0,경상북도 경주시청 자원순환과,054-779-6693,2022-07-15,5050000,경상북도 경주시
경상북도,경주시,특수규격마대,매립용,생활쓰레기,가정용,0,0,0,0,0,0,500,0,0,0,0,0,0,0,0,경상북도 경주시청 자원순환과,054-779-6693,2022-07-15,5050000,경상북도 경주시
경상남도,거제시,재사용규격봉투,소각용,생활쓰레기,가정용,0,0,0,0,150,250,350,650,0,0,0,0,0,0,0,자원순환과,055-639-4815,2022-07-14,5370000,경상남도 거제시
경상남도,거제시,규격봉투,소각용,생활쓰레기,가정용,0,0,0,0,0,0,0,0,0,1800,0,2750,0,0,0,자원순환과,055-639-4815,2022-07-14,5370000,경상남도 거제시
경상남도,거제시,규격봉투,소각용,생활쓰레기,기타(영업장용),0,0,0,0,0,0,0,0,1400,2200,0,3400,0,0,0,자원순환과,055-639-4815,2022-07-14,5370000,경상남도 거제시
경상남도,거제시,규격봉투,소각용,생활쓰레기,사업장용,0,0,0,0,0,0,0,0,0,2350,0,3700,0,0,0,자원순환과,055-639-4815,2022-07-14,5370000,경상남도 거제시
전라북도,군산시,특수규격마대,매립용,생활쓰레기,가정용,0,0,0,0,0,0,0,1000,0,0,0,0,0,0,0,자원순환과,063-454-3455,2022-07-07,4670000,전라북도 군산시
충청남도,청양군,규격봉투,소각용,생활쓰레기,가정용,0,0,0,0,0,0,200,400,600,1000,0,1300,0,0,0,충청남도 청양군청 환경보호과,041-940-2254,2022-11-30,4590000,충청남도 청양군
서울특별시,용산구,규격봉투,기타,생활쓰레기,가정용,0,0,0,0,90,130,250,490,740,1250,0,1880,2500,0,0,자원순환과,02-2199-7298,2022-11-22,3020000,서울특별시 용산구
서울특별시,용산구,규격봉투,기타,음식물쓰레기,가정용,100,0,190,0,300,500,1000,0,0,0,0,0,0,0,0,자원순환과,02-2199-7298,2022-11-22,3020000,서울특별시 용산구
서울특별시,용산구,특수규격마대,기타,생활쓰레기,가정용,0,0,0,0,0,0,0,2040,0,5100,0,0,0,0,0,자원순환과,02-2199-7298,2022-11-22,3020000,서울특별시 용산구
서울특별시,용산구,재사용규격봉투,기타,생활쓰레기,가정용,0,0,0,0,0,0,250,490,0,0,0,0,0,0,0,자원순환과,02-2199-7298,2022-11-22,3020000,서울특별시 용산구
서울특별시,용산구,규격봉투,기타,생활쓰레기,사업장용,0,0,0,0,0,0,0,0,0,2000,0,3000,4000,0,0,자원순환과,02-2199-7298,2022-11-22,3020000,서울특별시 용산구
전라남도,강진군,규격봉투,소각용,생활쓰레기,가정용,0,0,0,0,0,90,160,290,0,700,0,0,0,0,0,환경축산과,061-430-3967,2022-12-07,4920000,전라남도 강진군
전라남도,강진군,재사용규격봉투,기타,생활쓰레기,가정용,0,0,0,0,0,0,160,290,0,0,0,0,0,0,0,환경축산과,061-430-3967,2022-12-07,4920000,전라남도 강진군
전라북도,진안군,규격봉투+재사용규격봉투,매립용,생활쓰레기,가정용,0,0,0,0,0,0,100,200,0,500,0,0,0,0,0,환경과,063-430-2336,2022-11-29,4730000,전라북도 진안군
충청북도,청주시,규격봉투,소각용,생활쓰레기,가정용,0,0,80,0,0,160,310,600,0,1450,0,2170,0,0,0,자원정책과,043-201-4666,2022-11-24,5710000,충청북도 청주시
충청북도,청주시,재사용규격봉투,소각용,생활쓰레기,가정용,0,0,0,0,0,0,310,600,880,0,0,0,0,0,0,자원정책과,043-201-4666,2022-11-24,5710000,충청북도 청주시
충청북도,청주시,특수규격마대,소각용,생활쓰레기,가정용,0,0,0,0,0,0,0,0,0,0,0,0,6500,0,0,자원정책과,043-201-4666,2022-11-24,5710000,충청북도 청주시
충청북도,청주시,특수규격마대,매립용,생활쓰레기,가정용,0,0,0,0,0,0,0,1300,0,3500,0,0,0,0,0,자원정책과,043-201-4666,2022-11-24,5710000,충청북도 청주시
충청북도,영동군,규격봉투,소각용,생활쓰레기,가정용,0,0,0,0,0,100,190,370,660,900,0,1640,1820,0,0,환경과,043-740-3413,2022-12-02,4440000,충청북도 영동군
충청북도,영동군,특수규격마대,소각용,생활쓰레기,가정용,0,0,0,0,0,0,0,0,0,2000,0,0,0,0,0,환경과,043-740-3413,2022-12-02,4440000,충청북도 영동군
충청북도,영동군,특수규격마대,매립용,생활쓰레기,가정용,0,0,0,0,0,0,0,0,0,2000,0,0,0,0,0,환경과,043-740-3413,2022-12-02,4440000,충청북도 영동군
충청남도,태안군,규격봉투,소각용,생활쓰레기,가정용,0,0,50,0,75,100,180,350,480,830,0,1180,1650,0,0,충청남도 태안군 환경산림과,041-670-2795,2022-12-01,4620000,충청남도 태안군
충청남도,태안군,규격봉투,기타,음식물쓰레기,가정용,0,0,50,0,90,130,300,550,780,0,0,0,0,0,0,충청남도 태안군 환경산림과,041-670-2796,2022-12-01,4620000,충청남도 태안군
충청남도,태안군,규격봉투,소각용,생활쓰레기,가정용,0,0,0,0,0,0,180,350,0,0,0,0,0,0,0,충청남도 태안군 환경산림과,041-670-2797,2022-12-01,4620000,충청남도 태안군
전라남도,장성군,규격봉투,소각용,생활쓰레기,가정용,0,0,0,0,50,70,140,280,420,700,0,1040,0,0,0,환경과,061-390-7335,2022-11-30,4980000,전라남도 장성군
경상남도,진주시,규격봉투,매립용,생활쓰레기,기타,0,0,0,0,0,160,300,590,0,1430,0,2140,0,0,0,청소과,055-749-8705,2022-12-27,5310000,경상남도 진주시
경상남도,진주시,특수규격마대,매립용,생활쓰레기,가정용,0,0,0,0,0,0,0,0,0,1810,0,0,0,0,0,청소과,055-749-8705,2022-12-27,5310000,경상남도 진주시
경상남도,진주시,특수규격마대,매립용,생활쓰레기,사업장용,0,0,0,0,0,0,0,0,0,1810,0,0,0,0,0,청소과,055-749-8705,2022-12-27,5310000,경상남도 진주시
경기도,의정부시,규격봉투,소각용,생활쓰레기,사업장용,0,0,0,0,0,0,0,0,0,0,0,6000,0,0,0,자원순환과,031-828-2823,2023-03-02,3820000,경기도 의정부시
경기도,의정부시,재사용규격봉투,소각용,생활쓰레기,가정용,0,0,0,0,130,220,390,780,0,0,0,0,0,0,0,자원순환과,031-828-2823,2023-03-02,3820000,경기도 의정부시
경기도,의정부시,특수규격마대,소각용,생활쓰레기,기타,0,0,0,0,0,0,0,0,0,2700,0,4000,0,0,0,자원순환과,031-828-2823,2023-03-02,3820000,경기도 의정부시
경기도,의정부시,특수규격마대,매립용,생활쓰레기,기타,0,0,0,0,0,0,0,2000,0,5000,0,0,0,0,0,자원순환과,031-828-2823,2023-03-02,3820000,경기도 의정부시
경기도,평택시,규격봉투,소각용,생활쓰레기,가정용,0,0,0,0,0,130,250,500,0,1250,0,1880,0,0,0,경기도 평택시청 자원순환과,031-8024-3715,2023-01-31,3910000,경기도 평택시
경기도,평택시,규격봉투,소각용,음식물쓰레기,가정용,0,40,0,0,80,130,250,500,0,0,0,0,0,0,0,경기도 평택시청 자원순환과,031-8024-3715,2023-01-31,3910000,경기도 평택시
경기도,평택시,재사용규격봉투,소각용,생활쓰레기,가정용,0,0,0,0,0,130,250,500,0,0,0,0,0,0,0,경기도 평택시청 자원순환과,031-8024-3715,2023-01-31,3910000,경기도 평택시
경상남도,통영시,규격봉투,소각용,생활쓰레기,가정용,0,0,0,0,90,140,0,0,0,1240,0,1850,0,0,0,자원순환과,055-650-1330,2023-02-08,5330000,경상남도 통영시
제주특별자치도,서귀포시,특수규격마대,매립용,생활쓰레기,가정용,0,0,0,0,0,0,0,1800,0,0,0,0,0,0,0,생활환경과,064-760-2935,2022-12-15,6520000,제주특별자치도 서귀포시
전라남도,나주시,규격봉투,매립용,생활쓰레기,가정용,0,0,0,0,0,80,130,250,360,570,0,900,0,0,0,도시미화과,061-339-8942,2022-11-30,4830000,전라남도 나주시
인천광역시,부평구,규격봉투,매립용,생활쓰레기,가정용,0,0,0,0,0,210,390,750,0,1850,0,2780,0,0,0,자원순환과 폐기물팀,032-509-6612,2022-12-01,3540000,인천광역시 부평구
인천광역시,부평구,재사용규격봉투,매립용,생활쓰레기,가정용,0,0,0,0,130,0,390,750,0,0,0,0,0,0,0,자원순환과 폐기물팀,032-509-6612,2022-12-01,3540000,인천광역시 부평구
인천광역시,부평구,규격봉투,소각용,생활쓰레기,가정용,0,0,0,0,0,0,0,0,1840,0,3660,0,0,0,7600,자원순환과 폐기물팀,032-509-6612,2022-12-01,3540000,인천광역시 부평구
인천광역시,부평구,특수규격마대,매립용,생활쓰레기,가정용,0,0,0,0,0,0,0,0,0,0,0,0,0,0,0,자원순환과 폐기물팀,032-509-6612,2022-12-01,3540000,인천광역시 부평구
경상남도,창원시,규격봉투,소각용,생활쓰레기,가정용,0,0,0,0,0,170,350,700,0,1790,0,2690,0,0,0,경상남도 창원시 자원순환과,055-225-3564,2022-11-23,5670000,경상남도 창원시
경기도,포천시,규격봉투,소각용,생활쓰레기,가정용,0,0,0,0,0,140,280,560,840,1400,0,2100,0,0,0,경기도 포천시청 친환경정책과,031-538-2465,2022-10-31,5600000,경기도 포천시
경기도,포천시,재사용규격봉투,소각용,생활쓰레기,가정용,0,0,0,0,0,0,280,560,840,0,0,0,0,0,0,경기도 포천시청 친환경정책과,031-538-2465,2022-10-31,5600000,경기도 포천시
경기도,포천시,특수규격마대,매립용,생활쓰레기,가정용,0,0,0,0,0,0,0,560,0,1400,0,0,0,0,0,경기도 포천시청 친환경정책과,031-538-2465,2022-10-31,5600000,경기도 포천시
경기도,포천시,규격봉투,소각용,생활쓰레기,소규모배출사업장 전용,0,0,0,0,0,0,0,0,0,0,0,4200,0,0,0,경기도 포천시청 친환경정책과,031-538-2465,2022-10-31,5600000,경기도 포천시
경기도,시흥시,규격봉투,소각용,음식물쓰레기,가정용,50,0,100,0,150,0,500,1000,1500,0,0,0,0,0,0,자원순환과,031-310-2254,2022-12-06,4010000,경기도 시흥시
경기도,시흥시,규격봉투,매립용,생활쓰레기,가정용,0,0,0,0,110,180,350,700,0,1750,0,2630,0,0,0,자원순환과,031-310-2254,2022-12-06,4010000,경기도 시흥시
경기도,시흥시,규격봉투,소각용,생활쓰레기,가정용,0,0,0,0,0,0,520,0,1570,2610,0,3920,0,0,0,자원순환과,031-310-2254,2022-12-06,4010000,경기도 시흥시
경기도,시흥시,특수규격마대,매립용,생활쓰레기,가정용,0,0,0,0,0,0,0,1500,0,3200,0,0,0,0,0,자원순환과,031-310-2254,2022-12-06,4010000,경기도 시흥시
경기도,수원시,규격봉투,소각용,생활쓰레기,가정용,0,0,0,0,0,150,300,600,0,1500,0,2250,0,0,0,청소자원과,031-228-3249,2022-12-01,3740000,경기도 수원시
경기도,수원시,규격봉투,소각용,음식물쓰레기,가정용,40,0,80,0,120,200,400,800,0,2000,0,0,0,0,0,청소자원과,031-228-3249,2022-12-01,3740000,경기도 수원시
경기도,수원시,재사용규격봉투,소각용,생활쓰레기,가정용,0,0,0,0,0,0,300,600,0,0,0,0,0,0,0,청소자원과,031-228-3249,2022-12-01,3740000,경기도 수원시
경기도,수원시,규격봉투,매립용,음식물쓰레기,가정용,0,0,0,0,0,150,300,0,0,0,0,0,0,0,0,청소자원과,031-228-3249,2022-12-01,3740000,경기도 수원시
충청북도,옥천군,규격봉투,소각용,생활쓰레기,가정용,0,0,0,0,0,80,140,270,400,650,0,1000,1300,0,0,환경과,043-730-3452,2022-11-23,4430000,충청북도 옥천군
충청남도,논산시,규격봉투,소각용,생활쓰레기,가정용,0,0,0,0,0,120,240,470,0,1170,0,0,0,0,0,자원순환과,041-746-5535,2022-11-23,4540000,충청남도 논산시
충청남도,논산시,특수규격마대,매립용,생활쓰레기,사업장용,0,0,0,0,0,0,0,1000,0,0,0,0,0,0,0,자원순환과,041-746-5535,2022-11-23,4540000,충청남도 논산시
충청남도,보령시,규격봉투,소각용,생활쓰레기,가정용,0,0,0,0,0,0,200,380,560,980,0,0,1930,0,0,충청남도 보령시청 환경보호과,041-930-3659,2022-11-30,4510000,충청남도 보령시
충청남도,보령시,규격봉투,소각용,음식물쓰레기,가정용,0,0,40,0,60,100,200,380,0,0,0,0,0,0,0,충청남도 보령시청 환경보호과,041-930-3659,2022-11-30,4510000,충청남도 보령시
충청남도,보령시,재사용규격봉투,소각용,생활쓰레기,가정용,0,0,0,0,0,0,200,380,0,0,0,0,0,0,0,충청남도 보령시청 환경보호과,041-930-3659,2022-11-30,4510000,충청남도 보령시
충청남도,보령시,특수규격마대,매립용,생활쓰레기,가정용,0,0,0,0,0,0,0,0,0,2200,0,0,4400,0,0,충청남도 보령시청 환경보호과,041-930-3659,2022-11-30,4510000,충청남도 보령시
강원도,강릉시,규격봉투,매립용,생활쓰레기,기타,0,0,0,0,0,130,270,520,0,1250,0,1880,0,0,0,자원순환과,033-640-4525,2023-01-10,4200000,강원도 강릉시
충청남도,예산군,규격봉투,소각용,생활쓰레기,가정용,0,0,0,0,0,100,200,400,0,1000,0,1500,0,0,0,환경과,041-339-7522,2022-12-30,4610000,충청남도 예산군
경상남도,진주시,규격봉투,매립용,생활쓰레기,가정용,0,0,0,0,0,160,300,590,0,1430,0,2140,0,0,0,청소과,055-749-8705,2022-12-27,5310000,경상남도 진주시
경상남도,진주시,규격봉투,매립용,생활쓰레기,사업장용,0,0,0,0,0,160,300,590,0,1430,0,2140,0,0,0,청소과,055-749-8705,2022-12-27,5310000,경상남도 진주시
경상북도,울릉군,규격봉투,소각용,생활쓰레기,가정용,0,0,0,0,0,100,170,300,0,710,0,1060,0,0,0,환경위생과,054-790-6186,2022-06-17,5260000,경상북도 울릉군
전라북도,장수군,재사용규격봉투,매립용,생활쓰레기,사업장용,0,0,0,0,0,90,180,360,540,900,0,1350,0,0,0,천천면,063-350-1414,2022-08-23,4750000,전라북도 장수군
전라북도,장수군,재사용규격봉투,매립용,생활쓰레기,사업장용,0,0,0,0,0,90,180,360,540,900,0,1350,0,0,0,계남면,063-350-1463,2022-08-23,4750000,전라북도 장수군
전라북도,장수군,재사용규격봉투,매립용,생활쓰레기,사업장용,0,0,0,0,0,90,180,360,540,900,0,1350,0,0,0,계북면,063-350-1512,2022-08-23,4750000,전라북도 장수군
전라북도,장수군,규격봉투,매립용,생활쓰레기,사업장용,0,0,0,0,0,90,180,360,540,900,0,1350,0,0,0,장수읍,063-350-1214,2022-08-23,4750000,전라북도 장수군
전라북도,장수군,규격봉투,매립용,생활쓰레기,사업장용,0,0,0,0,0,90,180,360,540,900,0,1350,0,0,0,산서면,063-350-1263,2022-08-23,4750000,전라북도 장수군
전라북도,장수군,규격봉투,매립용,생활쓰레기,사업장용,0,0,0,0,0,90,180,360,540,900,0,1350,0,0,0,번암면,063-350-1312,2022-08-23,4750000,전라북도 장수군
전라북도,장수군,규격봉투,매립용,생활쓰레기,사업장용,0,0,0,0,0,90,180,360,540,900,0,1350,0,0,0,장계면,063-350-1363,2022-08-23,4750000,전라북도 장수군
전라북도,장수군,규격봉투,매립용,생활쓰레기,사업장용,0,0,0,0,0,90,180,360,540,900,0,1350,0,0,0,천천면,063-350-1414,2022-08-23,4750000,전라북도 장수군
전라북도,장수군,규격봉투,매립용,생활쓰레기,사업장용,0,0,0,0,0,90,180,360,540,900,0,1350,0,0,0,계남면,063-350-1463,2022-08-23,4750000,전라북도 장수군
전라북도,장수군,규격봉투,매립용,생활쓰레기,사업장용,0,0,0,0,0,90,180,360,540,900,0,1350,0,0,0,계북면,063-350-1512,2022-08-23,4750000,전라북도 장수군
전라북도,장수군,재사용규격봉투,소각용,생활쓰레기,사업장용,0,0,0,0,0,90,180,360,540,900,0,1350,0,0,0,장수읍,063-350-1214,2022-08-23,4750000,전라북도 장수군
전라북도,장수군,재사용규격봉투,소각용,생활쓰레기,사업장용,0,0,0,0,0,90,180,360,540,900,0,1350,0,0,0,산서면,063-350-1263,2022-08-23,4750000,전라북도 장수군
전라북도,장수군,재사용규격봉투,소각용,생활쓰레기,사업장용,0,0,0,0,0,90,180,360,540,900,0,1350,0,0,0,번암면,063-350-1312,2022-08-23,4750000,전라북도 장수군
전라북도,장수군,재사용규격봉투,소각용,생활쓰레기,사업장용,0,0,0,0,0,90,180,360,540,900,0,1350,0,0,0,장계면,063-350-1363,2022-08-23,4750000,전라북도 장수군
전라북도,장수군,재사용규격봉투,소각용,생활쓰레기,사업장용,0,0,0,0,0,90,180,360,540,900,0,1350,0,0,0,천천면,063-350-1414,2022-08-23,4750000,전라북도 장수군
전라북도,장수군,재사용규격봉투,소각용,생활쓰레기,사업장용,0,0,0,0,0,90,180,360,540,900,0,1350,0,0,0,계남면,063-350-1463,2022-08-23,4750000,전라북도 장수군
전라북도,장수군,재사용규격봉투,소각용,생활쓰레기,사업장용,0,0,0,0,0,90,180,360,540,900,0,1350,0,0,0,계북면,063-350-1512,2022-08-23,4750000,전라북도 장수군
전라북도,장수군,규격봉투,소각용,생활쓰레기,사업장용,0,0,0,0,0,90,180,360,540,900,0,1350,0,0,0,장수읍,063-350-1214,2022-08-23,4750000,전라북도 장수군
전라북도,장수군,규격봉투,소각용,생활쓰레기,사업장용,0,0,0,0,0,90,180,360,540,900,0,1350,0,0,0,산서면,063-350-1263,2022-08-23,4750000,전라북도 장수군
전라북도,장수군,규격봉투,소각용,생활쓰레기,사업장용,0,0,0,0,0,90,180,360,540,900,0,1350,0,0,0,번암면,063-350-1312,2022-08-23,4750000,전라북도 장수군
전라북도,장수군,규격봉투,소각용,생활쓰레기,사업장용,0,0,0,0,0,90,180,360,540,900,0,1350,0,0,0,장계면,063-350-1363,2022-08-23,4750000,전라북도 장수군
서울특별시,송파구,재사용규격봉투,소각용,생활쓰레기,가정용,0,0,0,0,0,0,250,490,0,0,0,0,0,0,0,청소행정과,02-2147-2840,2022-12-12,3230000,서울특별시 송파구
서울특별시,송파구,재사용규격봉투,매립용,생활쓰레기,가정용,0,0,0,0,0,0,250,490,0,0,0,0,0,0,0,청소행정과,02-2147-2840,2022-12-12,3230000,서울특별시 송파구
서울특별시,송파구,특수규격마대,매립용,생활쓰레기,기타,0,0,0,0,0,0,0,2040,0,5100,0,0,0,0,0,청소행정과,02-2147-2840,2022-12-12,3230000,서울특별시 송파구
서울특별시,송파구,김장용봉투,소각용,음식물쓰레기,가정용,0,0,0,0,0,0,0,2000,0,0,0,0,0,0,0,자원활용과,02-2147-6380,2022-12-12,3230000,서울특별시 송파구
경상남도,김해시,규격봉투,소각용,생활쓰레기,가정용,0,0,0,0,0,200,400,800,1200,2400,0,3600,0,0,0,청소행정과,055-330-3385,2022-12-07,5350000,경상남도 김해시
경상북도,울진군,규격봉투,매립용+소각용,생활쓰레기,가정용,0,0,0,0,0,120,210,400,0,1050,0,1570,2100,0,0,환경위생과,054-789-6132,2022-11-30,5250000,경상북도 울진군
경상북도,칠곡군,규격봉투,소각용,생활쓰레기,가정용,0,0,0,0,70,100,180,350,0,900,0,1350,0,0,0,환경관리과,054-979-6724,2022-12-01,5220000,경상북도 칠곡군
충청남도,금산군,규격봉투,매립용,생활쓰레기,가정용,0,0,0,0,0,60,110,210,0,500,0,750,1000,0,0,환경자원과,041-750-2535,2022-11-29,4550000,충청남도 금산군
제주특별자치도,서귀포시,규격봉투,소각용,생활쓰레기,가정용,0,0,0,0,0,120,240,700,1050,1750,0,0,0,0,0,생활환경과,064-760-2935,2022-12-15,6520000,제주특별자치도 서귀포시
제주특별자치도,서귀포시,재사용규격봉투,소각용,생활쓰레기,가정용,0,0,0,0,0,120,240,700,1050,1750,0,0,0,0,0,생활환경과,064-760-2935,2022-12-15,6520000,제주특별자치도 서귀포시
강원도,철원군,규격봉투,기타,음식물쓰레기,가정용,0,0,0,0,0,110,190,0,0,0,0,0,0,0,0,청정환경과,033-450-5335,2022-06-08,4300000,강원도 철원군
경기도,양평군,규격봉투,소각용,생활쓰레기,가정용,0,0,0,0,0,140,280,560,840,1400,0,2100,0,0,0,환경과,031-770-2252,2022-05-30,4170000,경기도 양평군
경기도,양평군,규격봉투,소각용,생활쓰레기,가정용,0,0,0,0,0,140,280,560,0,0,0,0,0,0,0,환경과,031-770-2252,2022-05-30,4170000,경기도 양평군
경기도,양평군,규격봉투,기타,음식물쓰레기,가정용,50,0,0,0,90,150,300,0,0,0,0,0,0,0,0,환경과,031-770-2252,2022-05-30,4170000,경기도 양평군
경상북도,상주시,규격봉투,소각용,생활쓰레기,가정용,0,0,0,0,0,100,160,290,0,720,0,1080,0,0,0,경상북도 상주시 환경관리과,054-537-7366,2022-06-15,5110000,경상북도 상주시
경상북도,영양군,규격봉투,소각용,생활쓰레기,가정용,0,0,0,0,0,0,100,200,0,480,0,0,960,0,0,환경보전과,054-680-6522,2022-06-16,5170000,경상북도 영양군
경상북도,영양군,규격봉투,매립용,생활쓰레기,가정용,0,0,0,0,0,0,100,200,0,480,0,0,960,0,0,환경보전과,054-680-6522,2022-06-16,5170000,경상북도 영양군
경상북도,영양군,규격봉투,매립용,음식물쓰레기,가정용,0,0,0,0,40,60,0,0,0,0,0,0,0,0,0,환경보전과,054-680-6522,2022-06-16,5170000,경상북도 영양군
전라북도,장수군,재사용규격봉투,소각용,생활쓰레기,가정용,0,0,0,0,0,90,180,360,540,900,0,1350,0,0,0,계북면,063-350-1512,2022-08-23,4750000,전라북도 장수군
전라북도,장수군,규격봉투,소각용,생활쓰레기,가정용,0,0,0,0,0,90,180,360,540,900,0,1350,0,0,0,장수읍,063-350-1214,2022-08-23,4750000,전라북도 장수군
전라북도,장수군,규격봉투,소각용,생활쓰레기,가정용,0,0,0,0,0,90,180,360,540,900,0,1350,0,0,0,산서면,063-350-1263,2022-08-23,4750000,전라북도 장수군
전라북도,장수군,규격봉투,소각용,생활쓰레기,가정용,0,0,0,0,0,90,180,360,540,900,0,1350,0,0,0,번암면,063-350-1312,2022-08-23,4750000,전라북도 장수군
전라북도,장수군,규격봉투,소각용,생활쓰레기,가정용,0,0,0,0,0,90,180,360,540,900,0,1350,0,0,0,장계면,063-350-1363,2022-08-23,4750000,전라북도 장수군
전라북도,장수군,규격봉투,소각용,생활쓰레기,가정용,0,0,0,0,0,90,180,360,540,900,0,1350,0,0,0,천천면,063-350-1414,2022-08-23,4750000,전라북도 장수군
전라북도,장수군,규격봉투,소각용,생활쓰레기,가정용,0,0,0,0,0,90,180,360,540,900,0,1350,0,0,0,계남면,063-350-1463,2022-08-23,4750000,전라북도 장수군
전라북도,장수군,규격봉투,소각용,생활쓰레기,가정용,0,0,0,0,0,90,180,360,540,900,0,1350,0,0,0,계북면,063-350-1512,2022-08-23,4750000,전라북도 장수군
전라북도,장수군,재사용규격봉투,소각용,음식물쓰레기,가정용,0,0,0,0,70,90,180,360,540,900,0,1350,0,0,0,장수읍,063-350-1214,2022-08-23,4750000,전라북도 장수군
전라북도,장수군,재사용규격봉투,소각용,음식물쓰레기,가정용,0,0,0,0,70,90,180,360,540,900,0,1350,0,0,0,산서면,063-350-1263,2022-08-23,4750000,전라북도 장수군
전라북도,장수군,재사용규격봉투,소각용,음식물쓰레기,가정용,0,0,0,0,70,90,180,360,540,900,0,1350,0,0,0,번암면,063-350-1312,2022-08-23,4750000,전라북도 장수군
전라북도,장수군,재사용규격봉투,소각용,음식물쓰레기,가정용,0,0,0,0,70,90,180,360,540,900,0,1350,0,0,0,장계면,063-350-1363,2022-08-23,4750000,전라북도 장수군
전라북도,장수군,재사용규격봉투,소각용,음식물쓰레기,가정용,0,0,0,0,70,90,180,360,540,900,0,1350,0,0,0,천천면,063-350-1414,2022-08-23,4750000,전라북도 장수군
전라북도,장수군,재사용규격봉투,소각용,음식물쓰레기,가정용,0,0,0,0,70,90,180,360,540,900,0,1350,0,0,0,계남면,063-350-1463,2022-08-23,4750000,전라북도 장수군
전라북도,장수군,재사용규격봉투,소각용,음식물쓰레기,가정용,0,0,0,0,70,90,180,360,540,900,0,1350,0,0,0,계북면,063-350-1512,2022-08-23,4750000,전라북도 장수군
전라북도,장수군,규격봉투,소각용,음식물쓰레기,가정용,0,0,0,0,70,90,180,360,540,900,0,1350,0,0,0,장수읍,063-350-1214,2022-08-23,4750000,전라북도 장수군
전라북도,장수군,규격봉투,소각용,음식물쓰레기,가정용,0,0,0,0,70,90,180,360,540,900,0,1350,0,0,0,산서면,063-350-1263,2022-08-23,4750000,전라북도 장수군
전라북도,장수군,규격봉투,소각용,음식물쓰레기,가정용,0,0,0,0,70,90,180,360,540,900,0,1350,0,0,0,번암면,063-350-1312,2022-08-23,4750000,전라북도 장수군
전라북도,장수군,규격봉투,소각용,음식물쓰레기,가정용,0,0,0,0,70,90,180,360,540,900,0,1350,0,0,0,장계면,063-350-1363,2022-08-23,4750000,전라북도 장수군
전라북도,장수군,규격봉투,소각용,음식물쓰레기,가정용,0,0,0,0,70,90,180,360,540,900,0,1350,0,0,0,천천면,063-350-1414,2022-08-23,4750000,전라북도 장수군
전라북도,장수군,규격봉투,소각용,음식물쓰레기,가정용,0,0,0,0,70,90,180,360,540,900,0,1350,0,0,0,계남면,063-350-1463,2022-08-23,4750000,전라북도 장수군
전라북도,장수군,규격봉투,소각용,음식물쓰레기,가정용,0,0,0,0,70,90,180,360,540,900,0,1350,0,0,0,계북면,063-350-1512,2022-08-23,4750000,전라북도 장수군
전라북도,장수군,재사용규격봉투,매립용,생활쓰레기,사업장용,0,0,0,0,0,90,180,360,540,900,0,1350,0,0,0,장수읍,063-350-1214,2022-08-23,4750000,전라북도 장수군
전라북도,장수군,재사용규격봉투,매립용,생활쓰레기,사업장용,0,0,0,0,0,90,180,360,540,900,0,1350,0,0,0,산서면,063-350-1263,2022-08-23,4750000,전라북도 장수군
전라북도,장수군,재사용규격봉투,매립용,생활쓰레기,사업장용,0,0,0,0,0,90,180,360,540,900,0,1350,0,0,0,번암면,063-350-1312,2022-08-23,4750000,전라북도 장수군
전라북도,장수군,재사용규격봉투,매립용,생활쓰레기,사업장용,0,0,0,0,0,90,180,360,540,900,0,1350,0,0,0,장계면,063-350-1363,2022-08-23,4750000,전라북도 장수군
충청북도,음성군,규격봉투,소각용,생활쓰레기,가정용,0,0,0,0,0,190,340,640,0,1580,0,2310,3080,0,0,청소위생과,043-871-3823,2022-11-15,4470000,충청북도 음성군
서울특별시,강동구,재사용규격봉투,소각용,생활쓰레기,기타,0,0,0,0,90,130,250,490,740,1250,0,1880,2500,0,0,서울특별시 강동구청 청소행정과,02-3425-5860,2022-07-22,3240000,서울특별시 강동구
서울특별시,강동구,재사용규격봉투,소각용,생활쓰레기,기타,0,0,0,0,0,0,250,490,0,0,0,0,0,0,0,서울특별시 강동구청 청소행정과,02-3425-5860,2022-07-22,3240000,서울특별시 강동구
서울특별시,강동구,규격봉투,기타,음식물쓰레기,가정용,100,0,190,0,300,500,1000,0,0,0,0,0,0,0,0,서울특별시 강동구청 청소행정과,02-3425-5860,2022-07-22,3240000,서울특별시 강동구
서울특별시,강동구,특수규격마대,매립용,생활쓰레기,기타,0,0,0,0,0,0,1020,2040,0,5100,0,0,0,0,0,서울특별시 강동구청 청소행정과,02-3425-5860,2022-07-22,3240000,서울특별시 강동구
강원도,원주시,규격봉투,기타,생활쓰레기,가정용,0,0,0,0,100,170,320,680,0,1690,0,2500,0,0,0,생활자원과,033-737-3086,2022-07-19,4190000,강원도 원주시
인천광역시,강화군,규격봉투,소각용,생활쓰레기,가정용,0,0,0,0,0,160,310,620,0,1540,0,2780,0,0,0,환경위생과,032-930-3336,2022-08-11,3570000,인천광역시 강화군
인천광역시,강화군,규격봉투,매립용,생활쓰레기,가정용,0,0,0,0,0,160,310,620,0,1540,0,0,0,0,0,환경위생과,032-930-3336,2022-08-11,3570000,인천광역시 강화군
인천광역시,강화군,규격봉투,기타,음식물쓰레기,가정용,0,0,120,0,180,300,600,0,0,0,0,0,0,0,0,환경위생과,032-930-3336,2022-08-11,3570000,인천광역시 강화군
대구광역시,남구,규격봉투,매립용,생활쓰레기,가정용,0,0,0,0,100,150,0,0,850,1400,0,2080,0,0,0,녹색환경과,053-664-2715,2022-08-05,3440000,대구광역시 남구
대구광역시,남구,재사용규격봉투,매립용,생활쓰레기,가정용,0,0,0,0,0,0,290,560,0,0,0,0,0,0,0,녹색환경과,053-664-2715,2022-08-05,3440000,대구광역시 남구
경기도,안양시,규격봉투,소각용,생활쓰레기,기타,0,0,0,0,0,150,300,550,0,1400,0,2100,0,0,0,자원순환과,031-8045-5448,2022-08-12,3830000,경기도 안양시
경기도,안양시,규격봉투,매립용,생활쓰레기,가정용,0,0,0,0,0,150,300,550,0,1400,0,2100,0,0,0,자원순환과,031-8045-5448,2022-08-12,3830000,경기도 안양시
충청남도,천안시,규격봉투,소각용,생활쓰레기,가정용,40,0,50,0,60,140,250,500,750,1150,0,1730,0,0,0,충청남도 천안시 청소행정과,041-521-5421,2022-06-20,4490000,충청남도 천안시
전라남도,완도군,재사용규격봉투,소각용,생활쓰레기,기타,0,0,0,0,50,80,160,290,450,720,0,1220,1400,0,0,환경산림과,061-550-5511,2022-06-15,4990000,전라남도 완도군
전라남도,완도군,재사용규격봉투,소각용,음식물쓰레기,기타,0,0,0,0,0,110,220,0,0,0,1300,0,0,2600,0,환경산림과,061-550-5511,2022-06-15,4990000,전라남도 완도군
서울특별시,성동구,규격봉투,소각용,생활쓰레기,가정용,0,0,0,0,90,130,250,490,740,1250,0,0,0,0,0,청소행정과,02-2286-5528,2022-06-17,3030000,서울특별시 성동구
서울특별시,성동구,규격봉투,매립용,생활쓰레기,가정용,0,0,0,0,90,130,250,490,740,1250,0,0,0,0,0,청소행정과,02-2286-5528,2022-06-17,3030000,서울특별시 성동구
서울특별시,성동구,규격봉투,소각용,생활쓰레기,사업장용,0,0,0,0,0,0,0,520,780,1330,0,2000,0,0,0,청소행정과,02-2286-5528,2022-06-17,3030000,서울특별시 성동구
서울특별시,성동구,규격봉투,매립용,생활쓰레기,사업장용,0,0,0,0,0,0,0,520,780,1330,0,2000,0,0,0,청소행정과,02-2286-5528,2022-06-17,3030000,서울특별시 성동구
서울특별시,성동구,규격봉투,매립용,음식물쓰레기,가정용,100,0,190,0,300,500,0,0,0,0,0,0,0,0,0,청소행정과,02-2286-5528,2022-06-17,3030000,서울특별시 성동구
광주광역시,없음,규격봉투,매립용,생활쓰레기,가정용,0,0,0,0,0,200,380,740,1110,1830,0,2730,0,0,0,자원순환과,062-613-1671,2022-10-11,6290000,광주광역시
경기도,광주시,규격봉투,소각용+매립용,생활쓰레기,가정용,0,0,0,0,0,140,280,560,840,1400,0,2100,0,0,0,자원순환과,031-760-4688,2022-10-05,5540000,경기도 광주시
경기도,광주시,규격봉투,기타,음식물쓰레기,가정용,0,40,0,0,80,140,280,560,0,0,0,0,0,0,0,자원순환과,031-760-4688,2022-10-05,5540000,경기도 광주시
경기도,광주시,재사용규격봉투,소각용+매립용,생활쓰레기,가정용,0,0,0,0,0,0,280,560,0,0,0,0,0,0,0,자원순환과,031-760-4688,2022-10-05,5540000,경기도 광주시
경기도,광주시,특수규격마대,매립용,생활쓰레기,가정용,0,0,0,0,0,0,0,1600,0,4000,0,0,0,0,0,자원순환과,031-760-4688,2022-10-05,5540000,경기도 광주시
전라남도,신안군,규격봉투,소각용,생활쓰레기,가정용,0,0,0,0,0,0,120,220,0,540,0,0,0,0,0,세계유산과,061-240-8447,2022-09-28,5010000,전라남도 신안군
전라남도,신안군,규격봉투,소각용,음식물쓰레기,가정용,0,0,0,0,0,0,120,0,0,0,0,0,0,0,0,세계유산과,061-240-8447,2022-09-28,5010000,전라남도 신안군
인천광역시,남동구,규격봉투,소각용,생활쓰레기,가정용,0,0,0,0,0,210,390,750,0,1850,0,0,0,0,0,청소행정과,032-453-2554,2022-09-30,3530000,인천광역시 남동구
인천광역시,남동구,재사용규격봉투,소각용,생활쓰레기,가정용,0,0,0,0,0,0,390,750,0,0,0,0,0,0,0,청소행정과,032-453-2554,2022-09-30,3530000,인천광역시 남동구
인천광역시,남동구,규격봉투,기타,음식물쓰레기,가정용,100,0,200,0,300,500,1000,2000,0,0,0,0,0,0,0,청소행정과,032-453-8493,2022-09-30,3530000,인천광역시 남동구
인천광역시,남동구,규격봉투,소각용,생활쓰레기,가정용,0,0,0,0,0,0,0,0,2350,0,4700,0,0,0,7870,청소행정과,032-453-2554,2022-09-30,3530000,인천광역시 남동구
인천광역시,남동구,재사용규격봉투,매립용,생활쓰레기,가정용,0,0,0,0,0,0,0,0,0,5500,0,0,0,0,0,청소행정과,032-453-2554,2022-09-30,3530000,인천광역시 남동구
경상남도,밀양시,규격봉투,소각용,생활쓰레기,가정용,0,0,0,0,0,210,370,700,0,1720,0,2560,0,0,0,환경관리과,055-359-5321,2022-05-30,5360000,경상남도 밀양시
경상남도,밀양시,재사용규격봉투,소각용,생활쓰레기,가정용,0,0,0,0,0,0,370,700,0,0,0,0,0,0,0,환경관리과,055-359-5321,2022-05-30,5360000,경상남도 밀양시
경상남도,밀양시,규격봉투,매립용,생활쓰레기,가정용,0,0,0,0,0,0,0,0,0,1720,0,0,0,0,0,환경관리과,055-359-5321,2022-05-30,5360000,경상남도 밀양시
부산광역시,동래구,규격봉투,소각용,생활쓰레기,가정용,0,0,0,0,140,220,430,850,1280,2070,0,3080,4090,0,0,청소과,051-550-4434,2022-05-31,3300000,부산광역시 동래구
부산광역시,동래구,재사용규격봉투,소각용,생활쓰레기,가정용,0,0,0,0,0,0,430,850,0,0,0,0,0,0,0,청소과,051-550-4434,2022-05-31,3300000,부산광역시 동래구
부산광역시,동래구,재사용규격봉투,매립용,생활쓰레기,가정용,0,0,0,0,0,0,0,0,1280,0,0,0,0,0,0,청소과,051-550-4432,2022-05-31,3300000,부산광역시 동래구
강원도,철원군,규격봉투,소각용,생활쓰레기,가정용,0,0,0,0,0,0,190,400,0,970,0,0,1950,0,0,청정환경과,033-450-5335,2022-06-08,4300000,강원도 철원군
강원도,철원군,규격봉투,매립용,생활쓰레기,가정용,0,0,0,0,0,0,190,400,0,970,0,0,0,0,0,청정환경과,033-450-5335,2022-06-08,4300000,강원도 철원군
강원도,철원군,재사용규격봉투,소각용,생활쓰레기,가정용,0,0,0,0,0,0,190,400,0,0,0,0,0,0,0,청정환경과,033-450-5335,2022-06-08,4300000,강원도 철원군
강원도,평창군,규격봉투,소각용,생활쓰레기,가정용,0,0,0,0,0,0,260,490,0,1180,0,1760,2350,0,0,환경위생과,033-330-2106,2022-09-26,4280000,강원도 평창군
강원도,평창군,규격봉투,소각용,생활쓰레기,가정용,0,0,0,0,0,0,260,490,0,0,0,0,0,0,0,환경위생과,033-330-2106,2022-09-26,4280000,강원도 평창군
강원도,평창군,규격봉투,매립용,생활쓰레기,가정용,0,0,0,0,0,800,0,1260,0,0,0,0,0,0,0,환경위생과,033-330-2106,2022-09-26,4280000,강원도 평창군
강원도,평창군,규격봉투,소각용,음식물쓰레기,가정용,0,0,0,0,70,130,260,490,0,0,0,0,0,0,0,환경위생과,033-330-2106,2022-09-26,4280000,강원도 평창군
전라남도,영광군,규격봉투,소각용,생활쓰레기,가정용,0,0,0,0,0,74,148,277,0,690,0,0,0,0,0,도시환경과,061-350-5343,2022-09-23,4970000,전라남도 영광군
경기도,광명시,규격봉투,소각용,생활쓰레기,가정용,40,0,60,0,90,140,260,500,0,1240,0,1850,0,0,0,자원순환과,02-2680-2251,2022-09-28,3900000,경기도 광명시
충청북도,증평군,규격봉투,소각용,생활쓰레기,가정용,0,0,0,0,0,80,140,280,400,660,0,980,1320,0,0,환경위생과,043-835-3647,2022-08-26,5570000,충청북도 증평군
경상북도,의성군,규격봉투,소각용,생활쓰레기,가정용,0,0,0,0,60,85,170,340,0,750,0,0,1500,0,0,환경과,054-830-6571,2022-09-21,5150000,경상북도 의성군
울산광역시,중구,규격봉투,소각용,생활쓰레기,가정용,0,0,0,0,0,160,310,600,0,1490,0,2220,0,0,0,환경미화과,052-290-3760,2022-09-19,3690000,울산광역시 중구
강원도,태백시,규격봉투,소각용,생활쓰레기,가정용,0,0,0,0,0,100,190,370,0,890,0,1320,0,0,0,태백시청 환경과,033-550-2063,2022-09-24,4220000,강원도 태백시
경기도,성남시,규격봉투,소각용,생활쓰레기,가정용,0,0,0,0,0,130,250,500,0,1250,0,1880,0,0,0,자원순환과,031-729-3196,2022-08-31,3780000,경기도 성남시
경기도,성남시,규격봉투,소각용,음식물쓰레기,가정용,20,0,50,0,80,130,250,500,0,0,0,0,0,0,0,자원순환과,031-729-3196,2022-08-31,3780000,경기도 성남시
경기도,화성시,재사용규격봉투,소각용,생활쓰레기,가정용,0,0,0,0,0,150,300,600,0,1500,0,2250,0,0,0,자원순환과,031-5189-6897,2022-10-26,5530000,경기도 화성시
경기도,화성시,재사용규격봉투,기타,음식물쓰레기,가정용,60,0,0,0,180,290,580,1170,0,0,0,0,0,0,0,자원순환과,031-5189-6897,2022-10-26,5530000,경기도 화성시
경기도,화성시,재사용규격봉투,매립용,생활쓰레기,가정용,0,0,0,0,0,150,300,600,0,1500,0,0,0,0,0,자원순환과,031-5189-6897,2022-10-26,5530000,경기도 화성시
경기도,화성시,재사용규격봉투,소각용,생활쓰레기,가정용,0,0,0,0,0,150,300,600,0,0,0,0,0,0,0,자원순환과,031-5189-6897,2022-10-26,5530000,경기도 화성시
경기도,화성시,재사용규격봉투,소각용,생활쓰레기,사업장용,0,0,0,0,0,0,0,0,0,2530,0,3800,0,0,0,자원순환과,031-5189-6897,2022-10-26,5530000,경기도 화성시
경기도,화성시,특수규격마대,소각용,생활쓰레기,기타,0,0,0,0,0,0,0,0,2280,0,0,0,0,0,0,자원순환과,031-5189-6897,2022-10-26,5530000,경기도 화성시
울산광역시,북구,규격봉투,소각용,생활쓰레기,가정용,0,0,0,0,0,160,310,600,0,1490,0,2220,2960,0,0,환경미화과,052-241-7804,2022-06-14,3720000,울산광역시 북구
전라남도,구례군,규격봉투,소각용,생활쓰레기,가정용,0,0,0,0,0,60,110,220,0,540,0,830,0,0,0,환경교통과,061-780-2143,2022-05-31,4870000,전라남도 구례군
전라남도,구례군,규격봉투,소각용,생활쓰레기,사업장용,0,0,0,0,0,60,110,220,0,540,0,830,0,0,0,환경교통과,061-780-2143,2022-05-31,4870000,전라남도 구례군
전라남도,구례군,규격봉투,소각용,생활쓰레기,기타,0,0,0,0,0,60,110,220,0,540,0,830,0,0,0,환경교통과,061-780-2143,2022-05-31,4870000,전라남도 구례군
전라북도,장수군,재사용규격봉투,소각용,음식물쓰레기,기타,0,0,0,0,70,90,180,360,540,900,0,1350,0,0,0,계북면,063-350-1512,2022-08-23,4750000,전라북도 장수군
전라북도,장수군,규격봉투,소각용,음식물쓰레기,기타,0,0,0,0,70,90,180,360,540,900,0,1350,0,0,0,장수읍,063-350-1214,2022-08-23,4750000,전라북도 장수군
전라북도,장수군,규격봉투,소각용,음식물쓰레기,기타,0,0,0,0,70,90,180,360,540,900,0,1350,0,0,0,산서면,063-350-1263,2022-08-23,4750000,전라북도 장수군
전라북도,장수군,규격봉투,소각용,음식물쓰레기,기타,0,0,0,0,70,90,180,360,540,900,0,1350,0,0,0,번암면,063-350-1312,2022-08-23,4750000,전라북도 장수군
전라북도,장수군,규격봉투,소각용,음식물쓰레기,기타,0,0,0,0,70,90,180,360,540,900,0,1350,0,0,0,장계면,063-350-1363,2022-08-23,4750000,전라북도 장수군
전라북도,장수군,규격봉투,소각용,음식물쓰레기,기타,0,0,0,0,70,90,180,360,540,900,0,1350,0,0,0,천천면,063-350-1414,2022-08-23,4750000,전라북도 장수군
전라북도,장수군,규격봉투,소각용,음식물쓰레기,기타,0,0,0,0,70,90,180,360,540,900,0,1350,0,0,0,계남면,063-350-1463,2022-08-23,4750000,전라북도 장수군
전라북도,장수군,규격봉투,소각용,음식물쓰레기,기타,0,0,0,0,70,90,180,360,540,900,0,1350,0,0,0,계북면,063-350-1512,2022-08-23,4750000,전라북도 장수군
세종특별자치시,세종특별자치시,규격봉투,소각용,생활쓰레기,가정용,40,0,60,0,80,130,270,540,820,1440,0,0,0,0,0,자원순환과,044-300-4725,2022-10-14,5690000,세종특별자치시
서울특별시,관악구,규격봉투,소각용,생활쓰레기,가정용,0,0,0,0,90,130,250,490,740,1250,0,1880,0,0,0,서울특별시 관악구청 청소행정과,02-879-6206,2022-10-15,3200000,서울특별시 관악구
서울특별시,관악구,규격봉투,소각용,음식물쓰레기,가정용,100,0,190,0,300,500,0,0,0,0,0,0,0,0,0,서울특별시 관악구청 청소행정과,02-879-6206,2022-10-15,3200000,서울특별시 관악구
경상남도,의령군,규격봉투,소각용,생활쓰레기,가정용,0,0,0,0,0,0,200,400,0,1000,0,1500,0,0,0,환경과,055-570-2623,2022-10-12,5390000,경상남도 의령군
경상남도,의령군,규격봉투,매립용,음식물쓰레기,가정용,0,0,0,0,60,100,200,400,0,0,0,0,0,0,0,환경과,055-570-2623,2022-10-12,5390000,경상남도 의령군
경상남도,의령군,재사용규격봉투,소각용,생활쓰레기,가정용,0,0,0,0,0,0,200,400,0,0,0,0,0,0,0,환경과,055-570-2623,2022-10-12,5390000,경상남도 의령군
부산광역시,해운대구,규격봉투,소각용,생활쓰레기,가정용,0,0,0,0,140,220,430,850,1280,2070,0,3080,0,0,0,자원순환과,051-749-4434,2022-10-11,3330000,부산광역시 해운대구
부산광역시,해운대구,특수규격마대,매립용,생활쓰레기,가정용,0,0,0,0,0,0,430,0,1280,2070,0,0,0,0,0,자원순환과,051-749-4434,2022-10-11,3330000,부산광역시 해운대구
부산광역시,해운대구,규격봉투,소각용,생활쓰레기,사업장용,0,0,0,0,0,230,450,890,1340,2170,0,3230,0,0,0,자원순환과,051-749-4434,2022-10-11,3330000,부산광역시 해운대구
경상남도,양산시,규격봉투,소각용,생활쓰레기,가정용,0,0,0,0,140,250,500,950,1500,2350,0,0,4700,0,0,자원순환과,055-392-2643,2022-09-23,5380000,경상남도 양산시
경상남도,양산시,재사용규격봉투,소각용,생활쓰레기,가정용,0,0,0,0,0,0,500,950,0,0,0,0,0,0,0,자원순환과,055-392-2643,2022-09-23,5380000,경상남도 양산시
경상남도,양산시,특수규격마대,매립용,생활쓰레기,가정용,0,0,0,0,0,0,0,0,1830,0,0,0,0,0,0,자원순환과,055-392-2643,2022-09-23,5380000,경상남도 양산시
경상남도,양산시,특수규격마대,소각용,생활쓰레기,가정용,0,0,0,0,0,0,0,0,0,2750,0,0,0,0,0,자원순환과,055-392-2643,2022-09-23,5380000,경상남도 양산시
강원도,동해시,규격봉투,매립용,생활쓰레기,가정용,0,0,0,0,0,150,290,560,0,1350,0,0,2700,0,0,환경과,033-530-2151,2022-10-13,4210000,강원도 동해시
경상남도,합천군,규격봉투,소각용,생활쓰레기,가정용,0,0,0,0,0,90,170,350,520,860,0,1320,0,0,0,환경위생과,055-930-3304,2022-08-10,5480000,경상남도 합천군
경상남도,합천군,규격봉투,매립용,생활쓰레기,가정용,0,0,0,0,0,0,0,430,0,1040,0,0,0,0,0,환경위생과,055-930-3304,2022-08-10,5480000,경상남도 합천군
경상남도,합천군,규격봉투,소각용,음식물쓰레기,가정용,0,0,0,0,70,90,170,350,0,0,0,0,0,0,0,환경위생과,055-930-3304,2022-08-10,5480000,경상남도 합천군
서울특별시,노원구,규격봉투,소각용,생활쓰레기,가정용+사업장용,0,0,0,0,90,130,250,490,0,1250,0,1880,2500,0,0,자원순환과,02-2116-3800,2022-08-17,3100000,서울특별시 노원구
서울특별시,노원구,특수규격마대,소각용,생활쓰레기,가정용+사업장용,0,0,0,0,0,0,1020,2040,0,5100,0,0,0,0,0,자원순환과,02-2116-3800,2022-08-17,3100000,서울특별시 노원구
전라북도,군산시,규격봉투,매립용,생활쓰레기,가정용,0,0,0,0,0,200,300,500,0,1250,0,1850,0,0,0,자원순환과,063-454-3455,2022-07-07,4670000,전라북도 군산시
전라북도,군산시,재사용규격봉투,매립용,생활쓰레기,가정용,0,0,0,0,0,0,300,500,0,0,0,0,0,0,0,자원순환과,063-454-3455,2022-07-07,4670000,전라북도 군산시
광주광역시,남구,규격봉투,소각용,생활쓰레기,가정용,0,0,0,0,0,200,380,740,1110,1830,0,2730,0,0,0,청소행정과,062-607-3632,2022-06-14,3610000,광주광역시 남구
광주광역시,남구,재사용규격봉투,소각용,생활쓰레기,가정용,0,0,0,0,0,0,380,740,0,0,0,0,0,0,0,청소행정과,062-607-3632,2022-06-14,3610000,광주광역시 남구
전라북도,임실군,규격봉투,소각용,생활쓰레기,가정용,0,0,0,0,0,90,150,320,0,790,0,0,0,0,0,청소위생과,063-640-2393,2022-06-15,4760000,전라북도 임실군
전라북도,임실군,특수규격마대,매립용,생활쓰레기,사업장용,0,0,0,0,0,0,460,0,0,2300,0,0,0,0,0,청소위생과,063-640-2393,2022-06-15,4760000,전라북도 임실군
충청남도,당진시,규격봉투,매립용,생활쓰레기,가정용,0,0,0,0,0,130,260,510,760,1260,0,0,0,0,0,자원순환과,041-350-4314,2022-12-01,5680000,충청남도 당진시
충청남도,당진시,규격봉투,매립용,음식물쓰레기,가정용,0,0,0,0,80,130,260,0,0,0,0,0,0,0,0,자원순환과,041-350-4314,2022-12-01,5680000,충청남도 당진시
충청남도,당진시,재사용규격봉투,매립용,생활쓰레기,가정용,0,0,0,0,0,0,260,510,0,0,0,0,0,0,0,자원순환과,041-350-4314,2022-12-01,5680000,충청남도 당진시
충청남도,당진시,특수규격마대,매립용,생활쓰레기,가정용,0,0,0,0,0,0,0,1000,0,0,3000,0,0,0,0,자원순환과,041-350-4314,2022-12-01,5680000,충청남도 당진시
경상북도,청송군,규격봉투,소각용,생활쓰레기,가정용,0,0,0,0,30,40,70,140,0,320,0,0,650,0,0,환경축산과,054-870-6192,2022-07-01,5160000,경상북도 청송군
경상북도,청송군,규격봉투,소각용,생활쓰레기,사업장용,0,0,0,0,30,40,70,140,0,320,0,0,650,0,0,환경축산과,054-870-6192,2022-07-01,5160000,경상북도 청송군
경상북도,청송군,규격봉투,소각용,생활쓰레기,가정용,0,0,0,0,50,70,130,250,0,590,0,0,1200,0,0,환경축산과,054-870-6192,2022-07-01,5160000,경상북도 청송군
경상북도,청송군,규격봉투,소각용,생활쓰레기,사업장용,0,0,0,0,50,70,130,250,0,590,0,0,1200,0,0,환경축산과,054-870-6192,2022-07-01,5160000,경상북도 청송군
경기도,연천군,규격봉투,소각용,생활쓰레기,가정용,0,0,0,0,0,0,290,560,0,1340,0,2050,0,0,0,환경보호과,031-839-2253,2022-06-13,4140000,경기도 연천군
강원도,양구군,규격봉투,소각용,생활쓰레기,가정용,0,0,0,0,70,120,210,400,0,950,0,1470,0,0,0,환경과,033-480-7280,2022-06-07,4320000,강원도 양구군
강원도,양구군,규격봉투,매립용,음식물쓰레기,가정용,0,0,50,0,70,120,210,400,0,0,0,0,0,0,0,환경과,033-480-7280,2022-06-07,4320000,강원도 양구군
강원도,양구군,특수규격마대,매립용,생활쓰레기,가정용,0,0,0,0,0,0,0,510,780,1250,0,0,0,0,0,환경과,033-480-7280,2022-06-07,4320000,강원도 양구군
서울특별시,종로구,규격봉투,소각용,생활쓰레기,가정용,0,0,0,0,0,130,250,490,0,1250,0,1880,2500,0,0,청소행정과,02-2148-2363,2022-07-04,3000000,서울특별시 종로구
서울특별시,종로구,규격봉투,소각용,음식물쓰레기,가정용,100,0,190,0,300,500,0,0,0,0,0,0,0,0,0,청소행정과,02-2148-2363,2022-07-04,3000000,서울특별시 종로구
서울특별시,종로구,특수규격마대,매립용,생활쓰레기,기타,0,0,0,0,0,0,0,2040,0,5100,0,0,0,0,0,청소행정과,02-2148-2363,2022-07-04,3000000,서울특별시 종로구
광주광역시,동구,규격봉투,소각용,생활쓰레기,가정용,0,0,0,0,0,200,380,740,1110,1830,0,2730,0,0,0,청소행정과,062-608-2504,2022-06-29,3590000,광주광역시 동구
경기도,여주시,재사용규격봉투,소각용,생활쓰레기,가정용,0,0,0,0,0,0,230,460,0,0,0,0,0,0,0,자원순환과,031-887-2453,2022-08-31,5700000,경기도 여주시
경기도,여주시,규격봉투,매립용,음식물쓰레기,가정용,30,0,50,0,70,120,230,460,0,1150,0,0,0,0,0,자원순환과,031-887-2453,2022-08-31,5700000,경기도 여주시
전라북도,전주시,규격봉투,소각용,생활쓰레기,가정용,0,0,0,0,0,120,230,460,0,1140,0,0,0,0,0,청소지원과,063-281-2135,2022-09-06,4640000,전라북도 전주시
전라북도,전주시,규격봉투,소각용,음식물쓰레기,가정용,0,0,0,0,0,0,0,1400,0,0,0,0,0,0,0,청소지원과,063-281-2135,2022-09-06,4640000,전라북도 전주시
전라북도,전주시,규격봉투,매립용,생활쓰레기,가정용,0,0,0,0,0,120,230,460,0,1140,0,0,0,0,0,청소지원과,063-281-2135,2022-09-06,4640000,전라북도 전주시
전라북도,전주시,재사용규격봉투,소각용,생활쓰레기,가정용,0,0,0,0,0,0,230,460,0,0,0,0,0,0,0,청소지원과,063-281-2135,2022-09-06,4640000,전라북도 전주시
경기도,안산시,규격봉투,소각용,생활쓰레기,가정용,0,0,0,0,90,130,250,500,0,1200,0,0,2400,0,0,자원순환과,031-481-3530,2022-08-20,3930000,경기도 안산시
경상남도,함안군,규격봉투,소각용,음식물쓰레기,가정용,0,0,0,0,40,100,200,400,0,0,0,0,0,0,0,환경과,055-580-2414,2022-11-10,5400000,경상남도 함안군
경상남도,함안군,특수규격마대,매립용,생활쓰레기,가정용,0,0,0,0,0,0,300,600,0,1500,0,0,0,0,0,환경과,055-580-2414,2022-11-10,5400000,경상남도 함안군
경기도,하남시,규격봉투,소각용,생활쓰레기,가정용,0,0,0,0,80,130,260,500,0,1240,0,1860,2470,0,0,자원순환과,031-790-5256,2022-11-18,4040000,경기도 하남시
경기도,용인시,규격봉투,소각용,생활쓰레기,가정용,0,0,0,0,0,170,330,660,0,1800,0,2700,0,0,0,도시청결과,031-324-3376,2022-11-18,4050000,경기도 용인시
경기도,용인시,재사용규격봉투,소각용,생활쓰레기,가정용,0,0,0,0,0,170,330,660,0,0,0,0,0,0,0,도시청결과,031-324-3376,2022-11-18,4050000,경기도 용인시
경기도,용인시,규격봉투,소각용,음식물쓰레기,가정용,50,0,0,0,160,270,550,1100,0,0,0,0,0,0,0,도시청결과,031-324-3376,2022-11-18,4050000,경기도 용인시
경기도,용인시,특수규격마대,소각용,생활쓰레기,가정용,0,0,0,0,0,0,0,1200,0,0,0,0,0,0,0,도시청결과,031-324-3376,2022-11-18,4050000,경기도 용인시
울산광역시,동구,규격봉투,소각용,생활쓰레기,가정용,0,0,0,0,0,160,310,600,0,1490,0,0,2960,0,0,환경미화과,052-209-3603,2022-11-11,3710000,울산광역시 동구
울산광역시,동구,규격봉투,소각용,생활쓰레기,사업장용,0,0,0,0,0,160,310,600,0,1490,0,0,2960,0,0,환경미화과,052-209-3603,2022-11-11,3710000,울산광역시 동구
경기도,시흥시,규격봉투,매립용,생활쓰레기,가정용,0,0,0,0,80,130,260,530,0,1300,0,0,0,0,0,자원순환부,031-488-6894,2022-10-30,B554066,시흥도시공사
경기도,시흥시,규격봉투,매립용,음식물쓰레기,가정용,30,0,60,0,90,0,300,600,0,0,0,0,0,0,0,자원순환부,031-488-6894,2022-10-30,B554066,시흥도시공사
경상북도,김천시,규격봉투,소각용,생활쓰레기,가정용,0,0,0,0,0,100,180,350,0,860,0,1270,0,0,0,자원순환과,054-420-6191,2021-08-31,5060000,경상북도 김천시
인천광역시,연수구,규격봉투,소각용,생활쓰레기,가정용,0,0,0,0,0,0,0,0,0,0,3880,0,0,0,8070,연수구시설안전관리공단,032-830-8055,2022-06-17,B553866,인천광역시연수구시설안전관리공단
인천광역시,연수구,규격봉투,소각용,음식물쓰레기,가정용,60,0,120,0,180,300,600,0,0,0,0,0,0,0,0,연수구시설안전관리공단,032-830-8055,2022-06-17,B553866,인천광역시연수구시설안전관리공단
충청북도,괴산군,규격봉투,소각용,생활쓰레기,기타,0,0,0,0,0,0,140,280,0,660,0,0,1320,0,0,환경과,043-830-3648,2022-06-23,4460000,충청북도 괴산군
충청북도,괴산군,규격봉투,매립용,생활쓰레기,기타,0,0,0,0,0,0,140,280,0,660,0,0,1320,0,0,환경과,043-830-3648,2022-06-23,4460000,충청북도 괴산군
충청북도,괴산군,재사용규격봉투,소각용,생활쓰레기,사업장용,0,0,0,0,0,0,140,280,0,0,0,0,0,0,0,환경과,043-830-3648,2022-06-23,4460000,충청북도 괴산군
충청북도,괴산군,규격봉투,소각용,음식물쓰레기,기타,0,0,0,0,50,80,140,0,0,0,849,0,0,1680,0,환경과,043-830-3648,2022-06-23,4460000,충청북도 괴산군
충청북도,괴산군,규격봉투,소각용,생활쓰레기,기타,0,0,0,0,0,0,0,0,0,0,0,0,0,0,0,환경과,043-830-3648,2022-06-23,4460000,충청북도 괴산군
경기도,성남시,규격봉투,소각용,생활쓰레기,사업장용,0,0,0,0,0,0,0,0,0,2010,0,3000,0,0,0,자원순환과,031-729-3196,2022-08-31,3780000,경기도 성남시
경기도,성남시,재사용규격봉투,소각용,생활쓰레기,가정용,0,0,0,0,0,130,250,500,0,0,0,0,0,0,0,자원순환과,031-729-3196,2022-08-31,3780000,경기도 성남시
경기도,성남시,특수규격마대,매립용,생활쓰레기,가정용,0,0,0,0,0,340,660,1200,0,0,0,0,0,0,0,자원순환과,031-729-3196,2022-08-31,3780000,경기도 성남시
강원도,정선군,규격봉투,소각용,생활쓰레기,가정용,0,0,0,0,0,0,150,280,430,700,0,1040,0,0,0,환경과,033-560-2359,2022-09-14,4290000,강원도 정선군
강원도,정선군,규격봉투,매립용,생활쓰레기,가정용,0,0,0,0,0,0,150,280,430,700,0,0,0,0,0,환경과,033-560-2359,2022-09-14,4290000,강원도 정선군
강원도,정선군,규격봉투,기타,생활쓰레기,가정용,0,0,40,0,50,80,150,280,430,700,0,0,0,0,0,환경과,033-560-2359,2022-09-14,4290000,강원도 정선군
경상북도,청도군,재사용규격봉투,소각용,생활쓰레기,가정용,0,0,0,0,50,80,150,290,430,710,0,1060,1400,0,0,환경과,054-370-2193,2022-08-31,5190000,경상북도 청도군
경기도,여주시,규격봉투,소각용,생활쓰레기,가정용,0,0,0,0,0,120,230,460,0,1150,0,0,2300,0,0,자원순환과,031-887-2453,2022-08-31,5700000,경기도 여주시
부산광역시,중구,특수규격마대,매립용,생활쓰레기,가정용,0,0,0,0,0,0,0,0,1280,4490,0,6590,0,0,0,자원순환과,051-600-4434,2022-10-24,3250000,부산광역시 중구
대전광역시,동구,규격봉투,소각용,생활쓰레기,가정용,0,0,0,0,100,170,330,660,0,1650,0,2480,0,0,0,환경과,042-251-4565,2022-10-25,3640000,대전광역시 동구
대전광역시,동구,규격봉투,매립용,생활쓰레기,가정용,0,0,0,0,100,170,330,660,0,1650,0,2480,0,0,0,환경과,042-251-4565,2022-10-25,3640000,대전광역시 동구
대전광역시,동구,재사용규격봉투,소각용,생활쓰레기,가정용,0,0,0,0,0,0,330,660,0,0,0,0,0,0,0,환경과,042-251-4565,2022-10-25,3640000,대전광역시 동구
대전광역시,동구,재사용규격봉투,매립용,생활쓰레기,가정용,0,0,0,0,0,0,330,660,0,0,0,0,0,0,0,환경과,042-251-4565,2022-10-25,3640000,대전광역시 동구
대전광역시,동구,특수규격마대,매립용,생활쓰레기,가정용,0,0,0,0,0,0,0,0,0,2630,0,0,0,0,0,환경과,042-251-4565,2022-10-25,3640000,대전광역시 동구
대전광역시,중구,규격봉투,매립용,생활쓰레기,가정용,0,0,0,0,100,170,330,660,0,1650,0,2480,0,0,0,환경과,042-606-7296,2022-10-27,3650000,대전광역시 중구
대전광역시,중구,재사용규격봉투,매립용,생활쓰레기,가정용,0,0,0,0,0,0,330,660,0,0,0,0,0,0,0,환경과,042-606-7296,2022-10-27,3650000,대전광역시 중구
서울특별시,구로구,규격봉투,소각용,생활쓰레기,가정용,0,0,0,0,0,130,250,490,740,1250,0,1880,0,0,0,청소행정과,02-860-2904,2022-10-28,3160000,서울특별시 구로구
서울특별시,구로구,규격봉투,소각용,음식물쓰레기,가정용,100,0,190,0,300,500,1000,2000,0,0,0,0,0,0,0,청소행정과,02-860-2904,2022-10-28,3160000,서울특별시 구로구
서울특별시,구로구,규격봉투,소각용,생활쓰레기,사업장용,0,0,0,0,0,0,0,0,0,2000,0,3000,0,0,0,청소행정과,02-860-2904,2022-10-28,3160000,서울특별시 구로구
서울특별시,구로구,재사용규격봉투,소각용,생활쓰레기,가정용,0,0,0,0,0,0,250,490,0,0,0,0,0,0,0,청소행정과,02-860-2904,2022-10-28,3160000,서울특별시 구로구
서울특별시,구로구,특수규격마대,매립용,생활쓰레기,가정용,0,0,0,0,0,0,0,2040,0,5100,0,0,0,0,0,청소행정과,02-860-2904,2022-10-28,3160000,서울특별시 구로구
광주광역시,북구,규격봉투,매립용,생활쓰레기,가정용,0,0,0,0,0,200,380,740,1110,1830,0,2730,0,0,0,청소행정과,062-410-6512,2022-09-20,3620000,광주광역시 북구
강원도,속초시,규격봉투,소각용,음식물쓰레기,가정용or사업용,50,0,0,0,80,100,200,400,0,0,0,0,0,0,0,환경위생과,033-639-2337,2022-07-07,4230000,강원도 속초시
강원도,속초시,규격봉투,소각용,생활쓰레기,가정용or사업용,0,0,0,0,0,100,200,400,550,950,0,1400,1900,0,0,환경위생과,033-639-2337,2022-07-07,4230000,강원도 속초시
강원도,속초시,재사용규격봉투,소각용,생활쓰레기,가정용or사업용,0,0,0,0,0,0,200,400,0,0,0,0,0,0,0,환경위생과,033-639-2337,2022-07-07,4230000,강원도 속초시
강원도,속초시,특수규격마대,매립용,생활쓰레기,가정용or사업용,0,0,0,0,0,0,0,0,0,0,0,0,2800,0,0,환경위생과,033-639-2337,2022-07-07,4230000,강원도 속초시
전라남도,장흥군,규격봉투,소각용,생활쓰레기,가정용,0,0,0,0,0,0,240,460,0,1100,0,0,0,0,0,환경관리과,061-860-6053,2022-07-07,4910000,전라남도 장흥군
인천광역시,연수구,규격봉투,매립용,생활쓰레기,가정용,0,0,0,0,0,160,310,620,0,1540,0,0,3070,0,0,연수구시설안전관리공단,032-830-8055,2022-06-17,B553866,인천광역시연수구시설안전관리공단
인천광역시,연수구,재사용규격봉투,매립용,생활쓰레기,가정용,0,0,0,0,0,0,310,620,0,0,0,0,0,0,0,연수구시설안전관리공단,032-830-8055,2022-06-17,B553866,인천광역시연수구시설안전관리공단
경상북도,영양군,재사용규격봉투,소각용,생활쓰레기,가정용,0,0,0,0,0,0,100,200,0,0,0,0,0,0,0,환경보전과,054-680-6522,2022-06-16,5170000,경상북도 영양군
서울특별시,동작구,규격봉투,소각용,생활쓰레기,가정용,0,0,0,0,90,130,250,490,740,1250,0,1880,0,0,0,청소행정과,02-820-1376,2022-06-09,3190000,서울특별시 동작구
서울특별시,동작구,규격봉투,기타,생활쓰레기,가정용(음식물),100,0,190,0,300,500,1000,0,0,0,0,0,0,0,0,청소행정과,02-820-1376,2022-06-09,3190000,서울특별시 동작구
서울특별시,동작구,규격봉투,매립용,생활쓰레기,사업장용,0,0,0,0,0,0,0,800,0,2000,0,0,4000,0,0,청소행정과,02-820-1376,2022-06-09,3190000,서울특별시 동작구
서울특별시,동작구,규격봉투,매립용,생활쓰레기,가정용(공사장생활폐기물),0,0,0,0,0,0,0,2040,0,5100,0,0,0,0,0,청소행정과,02-820-1376,2022-06-09,3190000,서울특별시 동작구
경상남도,사천시,규격봉투,매립용,음식물쓰레기,가정용,0,0,0,0,0,130,250,500,0,1200,0,0,0,0,0,환경사업소,055-831-5600,2022-05-31,5340000,경상남도 사천시
경상남도,사천시,규격봉투,매립용,생활쓰레기,가정용,0,0,0,0,80,130,250,500,0,0,0,0,0,0,0,환경사업소,055-831-5600,2022-05-31,5340000,경상남도 사천시
경상남도,사천시,규격봉투,매립용,생활쓰레기,가정용,0,0,0,0,0,0,0,0,0,1440,0,0,0,0,0,환경사업소,055-831-5600,2022-05-31,5340000,경상남도 사천시
대전광역시,유성구,규격봉투,소각용,생활쓰레기,가정용,0,0,0,0,100,170,330,660,0,1650,0,2480,0,0,0,청소행정과,042-611-2946,2022-06-15,3670000,대전광역시 유성구
충청북도,충주시,규격봉투,소각용,생활쓰레기,가정용,0,0,0,0,100,140,250,470,0,1150,0,1730,2300,0,0,충청북도 충주시 자원순환과,043-850-6914,2022-05-31,4390000,충청북도 충주시
충청북도,충주시,특수규격마대,매립용,생활쓰레기,가정용,0,0,0,0,0,0,0,2000,0,0,0,0,0,0,0,충청북도 충주시 자원순환과,043-850-6914,2022-05-31,4390000,충청북도 충주시
충청북도,충주시,규격봉투,소각용,음식물쓰레기,가정용,60,0,90,0,100,140,250,470,0,0,0,0,0,0,0,충청북도 충주시 자원순환과,043-850-6923,2022-05-31,4390000,충청북도 충주시
충청남도,공주시,규격봉투,소각용,생활쓰레기,가정용,0,0,0,0,0,90,170,320,480,790,0,1170,0,0,0,자원순환과,041-840-8654,2022-11-22,4500000,충청남도 공주시
경상남도,함안군,규격봉투,소각용,생활쓰레기,가정용,0,0,0,0,0,0,0,0,0,1000,0,1500,0,0,0,환경과,055-580-2414,2022-11-10,5400000,경상남도 함안군
경상남도,함안군,재사용규격봉투,소각용,생활쓰레기,가정용,0,0,0,0,0,0,200,400,0,0,0,0,0,0,0,환경과,055-580-2414,2022-11-10,5400000,경상남도 함안군
경상남도,진주시,특수규격마대,매립용,생활쓰레기,기타,0,0,0,0,0,0,0,0,0,1810,0,0,0,0,0,청소과,055-749-8705,2022-12-27,5310000,경상남도 진주시
전라북도,고창군,규격봉투,소각용,생활쓰레기,가정용,0,0,0,0,0,0,210,400,0,990,0,1470,0,0,0,환경위생과,063-560-2917,2022-12-28,4780000,전라북도 고창군
전라북도,고창군,재사용규격봉투,소각용,생활쓰레기,가정용,0,0,0,0,0,0,210,400,0,0,0,0,0,0,0,환경위생과,063-560-2917,2022-12-28,4780000,전라북도 고창군
전라북도,고창군,규격봉투,매립용,생활쓰레기,가정용,0,0,0,0,0,0,0,800,0,0,0,0,0,0,0,환경위생과,063-560-2917,2022-12-28,4780000,전라북도 고창군
강원도,화천군,규격봉투,매립용,생활쓰레기,가정용,0,0,50,0,60,70,120,230,350,560,0,0,1110,0,0,환경과,033-440-2336,2022-12-02,4310000,강원도 화천군
충청남도,홍성군,규격봉투,기타,생활쓰레기,기타,20,0,40,0,60,100,200,400,600,1000,0,0,2000,0,0,환경과,041-630-1329,2022-07-28,4600000,충청남도 홍성군
전라남도,순천시,규격봉투,소각용,생활쓰레기,가정용,0,0,0,0,90,150,290,580,0,1380,0,0,2760,0,0,청소자원과,061-749-6403,2022-07-22,4820000,전라남도 순천시
충청남도,부여군,규격봉투,매립용,생활쓰레기,가정용,0,0,0,0,60,100,200,400,0,1000,0,1500,0,0,0,환경과,041-830-2306,2022-07-19,4570000,충청남도 부여군
충청남도,부여군,재사용규격봉투,매립용,생활쓰레기,가정용,0,0,0,0,60,100,200,400,0,0,0,0,0,0,0,환경과,041-830-2306,2022-07-19,4570000,충청남도 부여군
충청남도,부여군,특수규격마대,매립용,생활쓰레기,가정용,0,0,0,0,0,0,0,2000,0,0,0,0,0,0,0,환경과,041-830-2306,2022-07-19,4570000,충청남도 부여군
경상북도,경주시,규격봉투,소각용,생활쓰레기,가정용,0,0,0,0,0,90,180,350,520,850,0,1340,0,0,0,경상북도 경주시청 자원순환과,054-779-6693,2022-07-15,5050000,경상북도 경주시
충청남도,서천군,규격봉투,매립용,생활쓰레기,가정용,0,0,0,0,60,100,150,300,450,0,0,0,0,0,0,환경보호과,041-950-4395,2022-06-15,4580000,충청남도 서천군
충청남도,서천군,규격봉투,소각용,생활쓰레기,가정용,0,0,0,0,0,0,150,300,450,750,0,1200,0,0,0,환경보호과,041-950-4395,2022-06-15,4580000,충청남도 서천군
울산광역시,남구,재사용규격봉투,소각용,생활쓰레기,가정용,0,0,0,0,0,160,310,600,0,0,0,0,0,0,0,환경관리과,052-226-5774,2022-06-14,3700000,울산광역시 남구
울산광역시,남구,규격봉투,소각용,생활쓰레기,가정용,0,0,0,0,0,0,0,0,0,1490,0,2220,0,0,0,환경관리과,052-226-5774,2022-06-14,3700000,울산광역시 남구
경기도,가평군,규격봉투,소각용,생활쓰레기,가정용,0,0,0,0,0,0,250,500,0,1250,0,1870,0,0,0,자원순환과,031-580-2551,2022-11-28,4160000,경기도 가평군
경기도,가평군,규격봉투,매립용,생활쓰레기,가정용,0,0,0,0,0,0,250,500,0,1250,0,1870,0,0,0,자원순환과,031-580-2551,2022-11-28,4160000,경기도 가평군
경기도,가평군,규격봉투,기타,음식물쓰레기,가정용,30,0,50,0,70,120,250,500,0,0,0,0,0,0,0,자원순환과,031-580-2551,2022-11-28,4160000,경기도 가평군
경기도,가평군,재사용규격봉투,소각용,생활쓰레기,가정용,0,0,0,0,0,0,250,500,0,0,0,0,0,0,0,자원순환과,031-580-2551,2022-11-28,4160000,경기도 가평군
경기도,가평군,특수규격마대,기타,생활쓰레기,기타,0,0,0,0,0,0,0,0,0,0,3750,0,0,0,0,자원순환과,031-580-2551,2022-11-28,4160000,경기도 가평군
강원도,고성군,규격봉투,소각용,생활쓰레기,가정용,0,0,0,0,0,140,260,500,0,1220,0,0,2410,0,0,환경과,033-680-3982,2022-12-01,4340000,강원도 고성군
강원도,고성군,규격봉투,소각용,음식물쓰레기,가정용,0,0,60,0,80,120,0,0,0,0,0,0,0,0,0,환경과,033-680-3982,2022-12-01,4340000,강원도 고성군
강원도,고성군,특수규격마대,매립용,생활쓰레기,가정용,0,0,0,0,0,0,0,0,0,1540,0,0,0,0,0,환경과,033-680-3982,2022-12-01,4340000,강원도 고성군
부산광역시,사상구,규격봉투,소각용,생활쓰레기,가정용,0,0,0,0,0,220,430,850,1280,2070,0,3080,4090,0,0,청소행정과,051-310-4335,2022-11-24,3390000,부산광역시 사상구
부산광역시,사상구,재사용규격봉투,소각용,생활쓰레기,가정용,0,0,0,0,0,220,430,850,0,0,0,0,0,0,0,청소행정과,051-310-4335,2022-11-24,3390000,부산광역시 사상구
부산광역시,사상구,규격봉투,소각용,생활쓰레기,사업장용,0,0,0,0,0,0,0,0,1460,2370,0,3530,4690,0,0,청소행정과,051-310-4335,2022-11-24,3390000,부산광역시 사상구
부산광역시,사상구,규격봉투,매립용,생활쓰레기,기타,0,0,0,0,0,0,0,0,2000,3300,0,0,0,0,0,청소행정과,051-310-4335,2022-11-24,3390000,부산광역시 사상구
부산광역시,사상구,규격봉투,매립용,생활쓰레기,기타,0,0,0,0,0,0,0,0,1280,0,0,0,0,0,0,청소행정과,051-310-4335,2022-11-24,3390000,부산광역시 사상구
부산광역시,금정구,규격봉투,소각용,생활쓰레기,가정용,0,0,0,0,0,220,430,850,1280,2070,0,3080,0,0,0,자원순환과,051-519-4434,2022-11-24,3350000,부산광역시 금정구
부산광역시,금정구,규격봉투,매립용,생활쓰레기,가정용,0,0,0,0,0,220,430,850,1280,2070,0,3080,0,0,0,자원순환과,051-519-4434,2022-11-24,3350000,부산광역시 금정구
부산광역시,금정구,재사용규격봉투,소각용,생활쓰레기,가정용,0,0,0,0,0,0,430,850,0,0,0,0,0,0,0,자원순환과,051-519-4434,2022-11-24,3350000,부산광역시 금정구
부산광역시,금정구,재사용규격봉투,매립용,생활쓰레기,가정용,0,0,0,0,0,0,430,850,0,0,0,0,0,0,0,자원순환과,051-519-4434,2022-11-24,3350000,부산광역시 금정구
충청북도,음성군,규격봉투,소각용,음식물쓰레기,가정용,80,0,0,0,130,190,340,640,0,0,0,0,0,0,0,청소위생과,043-871-3823,2022-11-15,4470000,충청북도 음성군
충청북도,진천군,규격봉투,소각용,생활쓰레기,가정용,0,0,90,0,0,190,340,640,0,1580,0,2310,0,0,0,식산업자원과,043-539-3463,2023-02-02,4450000,충청북도 진천군
충청북도,진천군,규격봉투,매립용,생활쓰레기,가정용,0,0,0,0,0,0,0,0,2000,0,0,0,0,0,0,식산업자원과,043-539-3463,2023-02-02,4450000,충청북도 진천군
경기도,이천시,규격봉투,소각용,생활쓰레기,가정용,0,0,0,0,0,170,330,640,0,1580,0,2360,0,0,0,자원관리과,031-644-2592,2023-02-03,4070000,경기도 이천시
경기도,이천시,규격봉투,매립용,음식물쓰레기,가정용,50,0,0,0,110,180,350,700,0,1750,0,0,0,0,0,자원관리과,031-644-2592,2023-02-03,4070000,경기도 이천시
강원도,춘천시,규격봉투,소각용,생활쓰레기,가정용,0,0,0,0,80,140,230,470,0,1140,0,1710,0,0,0,자원순환과,033-250-3127,2023-01-20,4180000,강원도 춘천시
강원도,춘천시,규격봉투,매립용,생활쓰레기,가정용,0,0,0,0,0,140,230,470,0,0,0,0,0,0,0,자원순환과,033-250-3127,2023-01-20,4180000,강원도 춘천시
강원도,춘천시,규격봉투,매립용,음식물쓰레기,가정용,40,0,50,0,80,140,230,470,0,0,0,0,0,0,0,자원순환과,033-250-3127,2023-01-20,4180000,강원도 춘천시
강원도,춘천시,재사용규격봉투,소각용,생활쓰레기,가정용,0,0,0,0,0,0,230,470,0,0,0,0,0,0,0,자원순환과,033-250-3127,2023-01-20,4180000,강원도 춘천시
서울특별시,광진구,규격봉투,소각용,생활쓰레기,가정용,0,0,0,0,90,130,250,490,0,0,0,0,0,0,0,청소과,02-450-7632,2023-01-25,3040000,서울특별시 광진구
서울특별시,광진구,규격봉투,매립용,생활쓰레기,가정용,0,0,0,0,0,130,250,490,0,0,0,0,0,0,0,청소과,02-450-7632,2023-01-25,3040000,서울특별시 광진구
서울특별시,광진구,규격봉투,소각용,생활쓰레기,사업장용,0,0,0,0,0,0,0,0,0,1330,0,2000,0,0,0,청소과,02-450-7632,2023-01-25,3040000,서울특별시 광진구
서울특별시,광진구,규격봉투,매립용,생활쓰레기,사업장용,0,0,0,0,0,0,0,0,0,1330,0,2000,0,0,0,청소과,02-450-7632,2023-01-25,3040000,서울특별시 광진구
서울특별시,광진구,규격봉투,매립용,음식물쓰레기,가정용,100,0,190,0,300,500,0,0,0,0,0,0,0,12000,0,청소과,02-450-7632,2023-01-25,3040000,서울특별시 광진구
서울특별시,광진구,특수규격마대,매립용,생활쓰레기,가정용,0,0,0,0,0,0,1020,2040,0,5100,0,0,0,0,0,청소과,02-450-7632,2023-01-25,3040000,서울특별시 광진구
경기도,김포시,규격봉투,소각용,생활쓰레기,가정용,0,0,0,0,0,180,360,720,0,1800,0,2700,0,0,0,자원순환과,031-980-2765,2023-01-20,4090000,경기도 김포시
경기도,김포시,재사용규격봉투,소각용,생활쓰레기,가정용,0,0,0,0,0,180,360,720,0,1800,0,2700,0,0,0,자원순환과,031-980-2765,2023-01-20,4090000,경기도 김포시
경기도,김포시,규격봉투,소각용,음식물쓰레기,가정용,0,70,0,0,140,240,490,990,0,0,0,0,0,0,0,자원순환과,031-980-2765,2023-01-20,4090000,경기도 김포시
경기도,김포시,규격봉투,소각용,생활쓰레기,가정용,0,0,0,0,0,0,0,0,0,2400,0,3600,0,0,0,자원순환과,031-980-2765,2023-01-20,4090000,경기도 김포시
경기도,김포시,특수규격마대,매립용,생활쓰레기,가정용,0,0,0,0,0,0,0,1000,0,2500,0,0,0,0,0,자원순환과,031-980-2765,2023-01-20,4090000,경기도 김포시
인천광역시,서구,규격봉투,소각용,생활쓰레기,가정용,0,0,0,0,0,160,310,620,0,1540,0,0,0,0,0,자원순환과,032-560-4552,2023-01-20,3560000,인천광역시 서구
인천광역시,서구,규격봉투,매립용,생활쓰레기,가정용,0,0,0,0,0,0,310,620,0,1540,0,0,0,0,0,자원순환과,032-560-4552,2023-01-20,3560000,인천광역시 서구
인천광역시,서구,규격봉투,소각용,생활쓰레기,사업장용,0,0,0,0,0,0,0,0,1870,0,3710,0,0,0,7660,자원순환과,032-560-4552,2023-01-20,3560000,인천광역시 서구
인천광역시,서구,재사용규격봉투,소각용,생활쓰레기,가정용,0,0,0,0,0,0,310,620,0,0,0,0,0,0,0,자원순환과,032-560-4552,2023-01-20,3560000,인천광역시 서구
인천광역시,서구,김장용봉투,기타,음식물쓰레기,가정용,0,0,0,0,0,0,0,1200,0,0,0,0,0,0,0,자원순환과,032-560-4412,2023-01-20,3560000,인천광역시 서구
인천광역시,서구,규격봉투,기타,음식물쓰레기,가정용,60,0,120,0,180,300,600,0,0,0,0,0,0,0,0,자원순환과,032-560-4412,2023-01-20,3560000,인천광역시 서구
강원도,강릉시,재사용규격봉투,매립용,생활쓰레기,기타,0,0,0,0,0,0,270,520,0,0,0,0,0,0,0,자원순환과,033-640-4525,2023-01-10,4200000,강원도 강릉시
인천광역시,옹진군,규격봉투,소각용,생활쓰레기,가정용,0,0,0,0,100,160,310,620,0,1540,0,0,3070,0,0,환경녹지과,032-899-2624,2021-11-16,3580000,인천광역시 옹진군
인천광역시,옹진군,규격봉투,매립용,음식물쓰레기,가정용,0,0,0,0,190,300,630,1260,0,0,0,0,0,0,0,환경녹지과,032-899-2624,2021-11-16,3580000,인천광역시 옹진군
인천광역시,연수구청,규격봉투,소각용,생활쓰레기,가정용,0,0,0,0,0,160,310,620,0,1540,0,2780,0,0,0,연수구청 자원순환과,032-749-7857,2021-10-25,3520000,인천광역시 연수구
인천광역시,연수구청,재사용규격봉투,소각용,생활쓰레기,가정용,0,0,0,0,0,0,310,620,0,0,0,0,0,0,0,연수구청 자원순환과,032-749-7857,2021-10-25,3520000,인천광역시 연수구
인천광역시,연수구청,특수규격마대,소각용,생활쓰레기,가정용,0,0,0,0,0,0,0,0,2010,0,3980,0,0,0,8250,연수구청 자원순환과,032-749-7857,2021-10-25,3520000,인천광역시 연수구
충청북도,제천시,규격봉투,매립용,음식물쓰레기,가정용,40,0,0,0,70,100,200,0,0,0,0,0,0,0,0,자원순환과,043-641-6422,2022-10-18,4400000,충청북도 제천시
충청북도,제천시,규격봉투,소각용,생활쓰레기,가정용,0,0,0,0,0,100,200,300,0,700,0,1050,0,0,0,자원순환과,043-641-6422,2022-10-18,4400000,충청북도 제천시
충청북도,제천시,규격봉투,매립용,생활쓰레기,가정용,0,0,0,0,0,0,200,300,0,700,0,0,0,0,0,자원순환과,043-641-6422,2022-10-18,4400000,충청북도 제천시
경상남도,함양군,규격봉투,소각용,생활쓰레기,가정용,0,0,0,0,60,100,200,400,0,980,0,0,0,0,0,환경위생과,055-960-6130,2022-10-19,5460000,경상남도 함양군
경상남도,함양군,특수규격마대,매립용,생활쓰레기,가정용,0,0,0,0,0,0,0,0,0,1230,0,0,0,0,0,환경위생과,055-960-6130,2022-10-19,5460000,경상남도 함양군
부산광역시,중구,규격봉투,소각용,생활쓰레기,가정용,0,0,0,0,0,220,430,850,1280,2070,0,3080,0,0,0,자원순환과,051-600-4434,2022-10-24,3250000,부산광역시 중구
부산광역시,중구,재사용규격봉투,소각용,생활쓰레기,가정용,0,0,0,0,0,0,430,850,0,0,0,0,0,0,0,자원순환과,051-600-4434,2022-10-24,3250000,부산광역시 중구
경상남도,창녕군,규격봉투,소각용,생활쓰레기,가정용,0,0,0,0,0,90,160,0,0,780,0,1150,0,0,0,환경위생과,055-530-1625,2022-01-10,5410000,경상남도 창녕군
경상남도,창녕군,특수규격마대,매립용,생활쓰레기,가정용,0,0,0,0,0,0,270,0,770,0,0,1290,0,0,0,환경위생과,055-530-1625,2022-01-10,5410000,경상남도 창녕군
경상남도,창녕군,재사용규격봉투,소각용,생활쓰레기,가정용,0,0,0,0,0,0,0,320,470,0,0,0,0,0,0,환경위생과,055-530-1625,2022-01-10,5410000,경상남도 창녕군
경상남도,고성군,규격봉투,소각용,생활쓰레기,가정용,0,0,0,0,0,100,200,400,600,1000,0,0,2000,0,0,환경과,055-670-2413,2021-12-29,5420000,경상남도 고성군
강원도,횡성군,규격봉투,소각용,생활쓰레기,가정용,0,0,0,0,0,0,200,400,0,980,0,1500,0,0,0,청정환경사업소,033-340-5935,2021-12-22,4260000,강원도 횡성군
강원도,횡성군,규격봉투,매립용,생활쓰레기,가정용,0,0,0,0,60,100,200,400,600,980,0,1500,0,0,0,청정환경사업소,033-340-5935,2021-12-22,4260000,강원도 횡성군
강원도,횡성군,재사용규격봉투,소각용,생활쓰레기,가정용,0,0,0,0,0,0,200,400,0,0,0,0,0,0,0,청정환경사업소,033-340-5935,2021-12-22,4260000,강원도 횡성군
강원도,화천군,규격봉투,소각용,생활쓰레기,가정용,0,0,50,0,60,70,120,230,0,0,0,0,0,0,0,환경과,033-440-2336,2022-12-02,4310000,강원도 화천군
강원도,화천군,규격봉투,소각용,생활쓰레기,가정용,0,0,50,0,60,70,120,230,350,560,0,0,1110,0,0,환경과,033-440-2336,2022-12-02,4310000,강원도 화천군
강원도,영월군,규격봉투,매립용,음식물쓰레기,가정용,0,0,0,0,70,110,180,350,0,900,0,1350,0,0,0,강원도 영월군청,033-370-2335,2022-11-22,4270000,강원도 영월군
강원도,영월군,규격봉투,소각용,생활쓰레기,가정용,0,0,0,0,70,110,180,350,0,900,0,1350,0,0,0,강원도 영월군청,033-370-2335,2022-11-22,4270000,강원도 영월군
강원도,영월군,재사용규격봉투,소각용,생활쓰레기,가정용,0,0,0,0,0,0,180,350,0,0,0,0,0,0,0,강원도 영월군청,033-370-2335,2022-11-22,4270000,강원도 영월군
경기도,의왕시,규격봉투,소각용,생활쓰레기,가정용,0,0,0,0,0,190,350,680,0,1700,0,2630,0,0,0,경기도 의왕시청 자원관리과,031-345-2844,2023-03-09,4030000,경기도 의왕시
경기도,의왕시,규격봉투,소각용,음식물쓰레기,가정용,40,0,80,0,120,200,400,800,0,0,0,0,0,0,0,경기도 의왕시청 자원관리과,031-345-2844,2023-03-09,4030000,경기도 의왕시
경기도,의왕시,재사용규격봉투,소각용,생활쓰레기,가정용,0,0,0,0,0,0,350,680,0,0,0,0,0,0,0,경기도 의왕시청 자원관리과,031-345-2844,2023-03-09,4030000,경기도 의왕시
경기도,의왕시,특수규격마대,매립용,생활쓰레기,기타,0,0,0,0,0,0,0,2000,0,0,0,0,0,0,0,경기도 의왕시청 자원관리과,031-345-2844,2023-03-09,4030000,경기도 의왕시
인천광역시,계양구,규격봉투,소각용,생활쓰레기,가정용,0,0,0,0,0,210,390,750,0,1850,0,0,0,0,0,청소행정과,032-450-5463,2023-03-09,3550000,인천광역시 계양구
인천광역시,계양구,규격봉투,매립용,생활쓰레기,가정용,0,0,0,0,0,210,390,750,0,1850,0,0,0,0,0,청소행정과,032-450-5463,2023-03-09,3550000,인천광역시 계양구
인천광역시,계양구,재사용규격봉투,소각용,생활쓰레기,가정용,0,0,0,0,0,0,390,750,0,0,0,0,0,0,0,청소행정과,032-450-5463,2023-03-09,3550000,인천광역시 계양구
인천광역시,계양구,규격봉투,소각용,음식물쓰레기,가정용,60,0,120,0,180,300,600,1200,0,0,0,0,0,0,0,청소행정과,032-450-5454,2023-03-09,3550000,인천광역시 계양구
인천광역시,계양구,규격봉투,소각용,생활쓰레기,가정용,0,0,0,0,0,0,0,0,0,0,3880,0,0,0,8070,청소행정과,032-450-5463,2023-03-09,3550000,인천광역시 계양구
서울특별시,강서구,규격봉투,소각용,생활쓰레기,가정용,0,0,60,0,90,130,250,490,740,1250,0,1880,0,0,0,서울특별시 강서구 자원순환과,02-2600-4057,2023-03-06,3150000,서울특별시 강서구
서울특별시,강서구,규격봉투,소각용,생활쓰레기,사업장용,0,0,0,0,0,0,0,0,0,0,0,0,0,0,0,서울특별시 강서구 자원순환과,02-2600-4057,2023-03-06,3150000,서울특별시 강서구
서울특별시,강서구,규격봉투,소각용,음식물쓰레기,가정용,100,0,190,0,300,500,1000,2000,0,0,0,0,0,0,0,서울특별시 강서구 자원순환과,02-2600-4057,2023-03-06,3150000,서울특별시 강서구
서울특별시,강서구,특수규격마대,매립용,생활쓰레기,가정용,0,0,0,0,0,0,0,2040,0,0,0,0,0,0,0,서울특별시 강서구 자원순환과,02-2600-4057,2023-03-06,3150000,서울특별시 강서구
서울특별시,강서구,재사용규격봉투,소각용,생활쓰레기,가정용,0,0,0,0,0,0,0,490,0,0,0,0,0,0,0,서울특별시 강서구 자원순환과,02-2600-4057,2023-03-06,3150000,서울특별시 강서구
광주광역시,서구,규격봉투,매립용,생활쓰레기,가정용,0,0,0,0,0,200,380,740,1110,1830,0,2730,0,0,0,청소행정과,062-360-7969,2023-03-09,3600000,광주광역시 서구
전라남도,광양시,규격봉투,매립용,생활쓰레기,가정용,0,0,0,0,0,130,260,530,0,1300,0,0,0,0,0,자원순환과,061-797-2794,2023-02-28,4840000,전라남도 광양시
경기도,의정부시,규격봉투,소각용,생활쓰레기,가정용,0,0,0,0,0,220,390,780,0,2100,0,3900,0,0,0,자원순환과,031-828-2823,2023-03-02,3820000,경기도 의정부시
경기도,의정부시,규격봉투,소각용,음식물쓰레기,가정용,40,0,0,110,0,220,390,780,0,0,0,0,0,0,0,자원순환과,031-828-2823,2023-03-02,3820000,경기도 의정부시
서울특별시,중구,규격봉투,소각용,생활쓰레기,가정용,0,0,0,0,90,130,250,490,740,1250,0,1880,2500,0,0,청소행정과,02-3396-5459,2023-04-10,3010000,서울특별시 중구
인천광역시,중구,재사용규격봉투,매립용,생활쓰레기,가정용,0,0,0,0,0,0,310,620,0,0,0,0,0,0,0,환경보호과,032-760-7410,2022-08-30,3490000,인천광역시 중구
인천광역시,중구,규격봉투,소각용,생활쓰레기,가정용,0,0,0,0,0,0,0,0,3220,5290,0,0,10400,0,0,환경보호과,032-760-7410,2022-08-30,3490000,인천광역시 중구
인천광역시,중구,규격봉투,소각용,생활쓰레기,사업장용,0,0,0,0,0,0,0,0,0,1940,0,0,3880,0,0,환경보호과,032-760-7410,2022-08-30,3490000,인천광역시 중구
인천광역시,중구,규격봉투,매립용,생활쓰레기,사업장용,0,0,0,0,0,0,0,0,0,1940,0,0,3880,0,0,환경보호과,032-760-7410,2022-08-30,3490000,인천광역시 중구
인천광역시,중구,특수규격마대,매립용,생활쓰레기,가정용,0,0,0,0,0,0,0,0,0,0,3970,0,6500,0,0,환경보호과,032-760-7410,2022-08-30,3490000,인천광역시 중구
인천광역시,중구,특수규격마대,매립용,생활쓰레기,사업장용,0,0,0,0,0,0,0,0,0,0,3070,0,0,0,0,환경보호과,032-760-7410,2022-08-30,3490000,인천광역시 중구
서울특별시,금천구,규격봉투,매립용,생활쓰레기,가정용,0,0,0,0,90,130,250,490,740,1250,0,1880,0,0,0,청소행정과,02-2627-1493,2022-08-30,3170000,서울특별시 금천구
서울특별시,금천구,규격봉투,매립용,음식물쓰레기,가정용,100,0,190,0,300,500,1000,0,0,0,0,0,0,0,0,청소행정과,02-2627-1493,2022-08-30,3170000,서울특별시 금천구
서울특별시,금천구,재사용규격봉투,매립용,생활쓰레기,가정용,0,0,0,0,0,0,0,490,0,0,0,0,0,0,0,청소행정과,02-2627-1493,2022-08-30,3170000,서울특별시 금천구
서울특별시,금천구,특수규격마대,매립용,생활쓰레기,가정용,0,0,0,0,0,0,0,0,0,5100,0,0,0,0,0,청소행정과,02-2627-1493,2022-08-30,3170000,서울특별시 금천구
부산광역시,부산진구,규격봉투,소각용,생활쓰레기,기타,0,0,0,0,0,220,300,850,1280,2070,0,3080,0,0,0,청소행정과,051-605-4462,2022-08-24,3290000,부산광역시 부산진구
경상북도,영덕군,규격봉투,소각용,생활쓰레기,가정용,0,0,0,0,0,0,130,250,0,600,0,900,0,0,0,환경위생과,054-730-6194,2022-08-24,5180000,경상북도 영덕군
경상북도,영덕군,규격봉투,기타,음식물쓰레기,가정용,30,0,50,0,0,80,130,250,0,0,0,0,0,0,0,환경위생과,054-730-6194,2022-08-24,5180000,경상북도 영덕군
서울특별시,양천구,규격봉투,소각용,생활쓰레기,가정용,0,0,0,0,0,130,250,490,740,1250,0,1880,0,0,0,서울특별시 양천구 청소행정과,02-2620-3420,2022-08-18,3140000,서울특별시 양천구
전라북도,장수군,재사용규격봉투,매립용,생활쓰레기,가정용,0,0,0,0,0,90,180,360,540,900,0,1350,0,0,0,계북면,063-350-1512,2022-08-23,4750000,전라북도 장수군
전라북도,장수군,규격봉투,매립용,생활쓰레기,가정용,0,0,0,0,0,90,180,360,540,900,0,1350,0,0,0,장수읍,063-350-1214,2022-08-23,4750000,전라북도 장수군
전라북도,장수군,규격봉투,매립용,생활쓰레기,가정용,0,0,0,0,0,90,180,360,540,900,0,1350,0,0,0,산서면,063-350-1263,2022-08-23,4750000,전라북도 장수군
전라북도,장수군,규격봉투,매립용,생활쓰레기,가정용,0,0,0,0,0,90,180,360,540,900,0,1350,0,0,0,번암면,063-350-1312,2022-08-23,4750000,전라북도 장수군
전라북도,장수군,규격봉투,매립용,생활쓰레기,가정용,0,0,0,0,0,90,180,360,540,900,0,1350,0,0,0,장계면,063-350-1363,2022-08-23,4750000,전라북도 장수군
전라북도,장수군,규격봉투,매립용,생활쓰레기,가정용,0,0,0,0,0,90,180,360,540,900,0,1350,0,0,0,천천면,063-350-1414,2022-08-23,4750000,전라북도 장수군
전라북도,장수군,규격봉투,매립용,생활쓰레기,가정용,0,0,0,0,0,90,180,360,540,900,0,1350,0,0,0,계남면,063-350-1463,2022-08-23,4750000,전라북도 장수군
전라북도,장수군,규격봉투,매립용,생활쓰레기,가정용,0,0,0,0,0,90,180,360,540,900,0,1350,0,0,0,계북면,063-350-1512,2022-08-23,4750000,전라북도 장수군
전라북도,장수군,재사용규격봉투,소각용,생활쓰레기,가정용,0,0,0,0,0,90,180,360,540,900,0,1350,0,0,0,장수읍,063-350-1214,2022-08-23,4750000,전라북도 장수군
전라북도,장수군,재사용규격봉투,소각용,생활쓰레기,가정용,0,0,0,0,0,90,180,360,540,900,0,1350,0,0,0,산서면,063-350-1263,2022-08-23,4750000,전라북도 장수군
전라북도,장수군,재사용규격봉투,소각용,생활쓰레기,가정용,0,0,0,0,0,90,180,360,540,900,0,1350,0,0,0,번암면,063-350-1312,2022-08-23,4750000,전라북도 장수군
전라북도,장수군,재사용규격봉투,소각용,생활쓰레기,가정용,0,0,0,0,0,90,180,360,540,900,0,1350,0,0,0,장계면,063-350-1363,2022-08-23,4750000,전라북도 장수군
전라북도,장수군,재사용규격봉투,소각용,생활쓰레기,가정용,0,0,0,0,0,90,180,360,540,900,0,1350,0,0,0,천천면,063-350-1414,2022-08-23,4750000,전라북도 장수군
전라북도,장수군,재사용규격봉투,소각용,생활쓰레기,가정용,0,0,0,0,0,90,180,360,540,900,0,1350,0,0,0,계남면,063-350-1463,2022-08-23,4750000,전라북도 장수군
충청북도,음성군,규격봉투,매립용,생활쓰레기,가정용,0,0,0,0,0,0,0,0,2000,0,0,0,0,0,0,청소위생과,043-871-3823,2022-11-15,4470000,충청북도 음성군
부산광역시,수영구,규격봉투,소각용,생활쓰레기,가정용,0,0,0,0,140,220,430,850,1280,2070,0,3080,0,0,0,자원순환과,051-610-4437,2022-08-27,3380000,부산광역시 수영구
부산광역시,수영구,재사용규격봉투,소각용,생활쓰레기,가정용,0,0,0,0,0,220,430,850,0,0,0,0,0,0,0,자원순환과,051-610-4437,2022-08-27,3380000,부산광역시 수영구
부산광역시,수영구,특수규격마대,매립용,생활쓰레기,가정용,0,0,0,0,0,0,430,850,1280,0,0,0,0,0,0,자원순환과,051-610-4437,2022-08-27,3380000,부산광역시 수영구
부산광역시,수영구,특수규격마대,매립용,생활쓰레기,가정용,0,0,0,0,0,0,0,2400,3600,0,0,0,0,0,0,자원순환과,051-610-4437,2022-08-27,3380000,부산광역시 수영구
부산광역시,수영구,규격봉투,소각용,생활쓰레기,사업장용,0,0,0,0,0,0,0,0,0,2270,0,3380,0,0,0,자원순환과,051-610-4437,2022-08-27,3380000,부산광역시 수영구
서울특별시,서대문구,특수규격마대,소각용,생활쓰레기,가정용,0,0,0,0,0,0,0,2040,0,5100,0,0,0,0,0,청소행정과,02-330-1507,2022-10-31,3120000,서울특별시 서대문구
서울특별시,서대문구,규격봉투,소각용,음식물쓰레기,가정용,100,0,200,0,300,500,1000,2000,0,0,0,0,0,0,0,청소행정과,02-330-1507,2022-10-31,3120000,서울특별시 서대문구
경상남도,통영시,재사용규격봉투,소각용,생활쓰레기,가정용,0,0,0,0,0,0,260,500,0,0,0,0,0,0,0,자원순환과,055-650-1330,2023-02-08,5330000,경상남도 통영시
경상남도,통영시,규격봉투,소각용,음식물쓰레기,가정용,0,0,0,0,90,140,260,500,0,0,0,0,0,0,0,자원순환과,055-650-1330,2023-02-08,5330000,경상남도 통영시
전라남도,무안군,규격봉투,소각용,생활쓰레기,가정용,0,0,0,0,0,90,170,320,540,790,0,1350,0,0,0,환경과,061-450-5553,2021-09-09,4950000,전라남도 무안군
전라남도,무안군,규격봉투,매립용,생활쓰레기,가정용,0,0,0,0,0,90,170,320,0,0,0,0,0,0,0,환경과,061-450-5553,2021-09-09,4950000,전라남도 무안군
대구광역시,중구,규격봉투,소각용,생활쓰레기,가정용,0,0,0,0,100,150,290,560,850,1400,0,2080,2770,0,0,환경자원과,053-661-2715,2021-08-17,3410000,대구광역시 중구
서울특별시,은평구,규격봉투,소각용,생활쓰레기,가정용,0,0,0,0,0,130,250,490,0,1250,0,1880,2500,0,0,자원순환과,02-351-7563,2021-04-20,3110000,서울특별시 은평구
서울특별시,은평구,규격봉투,소각용,생활쓰레기,가정용,0,0,80,0,0,190,380,760,0,1250,0,1880,2500,0,0,자원순환과,02-351-7563,2021-04-20,3110000,서울특별시 은평구
서울특별시,은평구,재사용규격봉투,소각용,생활쓰레기,가정용,0,0,0,0,0,130,250,490,0,0,0,0,0,0,0,자원순환과,02-351-7563,2021-04-20,3110000,서울특별시 은평구
전라북도,장수군,재사용규격봉투,매립용,생활쓰레기,가정용,0,0,0,0,0,90,180,360,540,900,0,1350,0,0,0,천천면,063-350-1414,2022-08-23,4750000,전라북도 장수군
전라북도,장수군,재사용규격봉투,매립용,생활쓰레기,가정용,0,0,0,0,0,90,180,360,540,900,0,1350,0,0,0,계남면,063-350-1463,2022-08-23,4750000,전라북도 장수군
경기도,시흥시,규격봉투,소각용,생활쓰레기,가정용,0,0,0,0,0,0,0,0,1570,2610,0,0,5220,0,0,자원순환부,031-488-6894,2022-10-30,B554066,시흥도시공사
경기도,시흥시,규격봉투,매립용,생활쓰레기,사업장용,0,0,0,0,0,0,0,1000,0,2500,0,0,5000,0,0,자원순환부,031-488-6894,2022-10-30,B554066,시흥도시공사
경기도,시흥시,재사용규격봉투,매립용,생활쓰레기,가정용,0,0,0,0,80,130,260,530,0,0,0,0,0,0,0,자원순환부,031-488-6894,2022-10-30,B554066,시흥도시공사
서울특별시,서대문구,규격봉투,소각용,생활쓰레기,가정용,0,0,0,0,0,130,250,490,0,1250,0,1880,2500,0,0,청소행정과,02-330-1507,2022-10-31,3120000,서울특별시 서대문구
서울특별시,서대문구,재사용규격봉투,소각용,생활쓰레기,가정용,0,0,0,0,0,0,250,490,0,0,0,0,0,0,0,청소행정과,02-330-1507,2022-10-31,3120000,서울특별시 서대문구
서울특별시,은평구,특수규격마대,매립용,생활쓰레기,가정용,0,0,0,0,0,0,0,2040,0,0,0,0,0,0,0,자원순환과,02-351-7563,2021-04-20,3110000,서울특별시 은평구
서울특별시,은평구,규격봉투,소각용,음식물쓰레기,가정용,100,0,200,0,300,500,1000,0,0,0,0,0,0,0,0,자원순환과,02-351-7563,2021-04-20,3110000,서울특별시 은평구
경기도,안성시,규격봉투,소각용,생활쓰레기,가정용,20,0,40,0,70,110,220,440,0,1100,0,0,2200,0,0,자원순환과,031-678-2653,2021-03-15,4080000,경기도 안성시
전라남도,여수시,규격봉투,소각용,생활쓰레기,가정용,0,0,0,0,0,140,250,500,720,1200,0,1800,2400,0,0,도시미화과,061-659-3833,2020-12-01,4810000,전라남도 여수시
인천광역시,계양구,규격봉투,소각용,생활쓰레기,가정용,0,0,0,0,0,160,310,620,0,1540,0,0,3060,0,0,청결지도팀,032-450-5464,2020-09-01,B551295,인천광역시계양구시설관리공단
인천광역시,계양구,규격봉투,소각용,음식물쓰레기,가정용,60,0,120,0,180,300,600,1200,0,0,0,0,0,0,0,음식물자원화팀,032-450-5453,2020-09-01,B551295,인천광역시계양구시설관리공단
인천광역시,계양구,규격봉투,소각용,생활쓰레기,사업장용,0,0,0,0,0,0,0,0,0,0,3880,0,0,0,8070,청결지도팀,032-450-5464,2020-09-01,B551295,인천광역시계양구시설관리공단
인천광역시,계양구,재사용규격봉투,소각용,생활쓰레기,가정용,0,0,0,0,0,0,310,620,0,0,0,0,0,0,0,청결지도팀,032-450-5464,2020-09-01,B551295,인천광역시계양구시설관리공단
인천광역시,계양구,규격봉투,소각용,생활쓰레기,기타,0,0,0,0,0,160,310,0,0,0,0,0,3060,0,0,청결지도팀,032-450-5464,2020-09-01,B551295,인천광역시계양구시설관리공단
경상북도,성주군,규격봉투,매립용,생활쓰레기,가정용,0,0,0,0,0,80,150,300,440,720,0,1070,1420,0,0,환경과,054-930-6193,2020-07-10,5210000,경상북도 성주군
경상북도,성주군,규격봉투,소각용,생활쓰레기,가정용,0,0,0,0,0,80,150,300,440,720,0,1070,1420,0,0,환경과,054-930-6193,2020-07-10,5210000,경상북도 성주군
울산광역시,중구,재사용규격봉투,소각용,생활쓰레기,가정용,0,0,0,0,0,160,310,600,0,0,0,0,0,0,0,경영사업팀,052-290-7657,2020-07-07,B553013,울산광역시중구도시관리공단
울산광역시,중구,규격봉투,소각용,생활쓰레기,가정용,0,0,0,0,0,0,0,0,0,1490,0,0,2960,0,0,경영사업팀,052-290-7657,2020-07-07,B553013,울산광역시중구도시관리공단
전라북도,장수군,재사용규격봉투,매립용,생활쓰레기,가정용,0,0,0,0,0,90,180,360,540,900,0,1350,0,0,0,장수읍,063-350-1214,2022-08-23,4750000,전라북도 장수군
전라북도,장수군,재사용규격봉투,매립용,생활쓰레기,가정용,0,0,0,0,0,90,180,360,540,900,0,1350,0,0,0,산서면,063-350-1263,2022-08-23,4750000,전라북도 장수군
전라북도,장수군,재사용규격봉투,매립용,생활쓰레기,가정용,0,0,0,0,0,90,180,360,540,900,0,1350,0,0,0,번암면,063-350-1312,2022-08-23,4750000,전라북도 장수군
전라북도,장수군,재사용규격봉투,매립용,생활쓰레기,가정용,0,0,0,0,0,90,180,360,540,900,0,1350,0,0,0,장계면,063-350-1363,2022-08-23,4750000,전라북도 장수군
서울특별시,송파구,규격봉투,소각용,생활쓰레기,가정용,0,0,0,0,90,130,250,490,0,1250,0,1880,0,0,0,청소행정과,02-2147-2840,2022-12-12,3230000,서울특별시 송파구
서울특별시,송파구,규격봉투,매립용,생활쓰레기,가정용,0,0,0,0,90,130,250,490,0,1250,0,1880,0,0,0,청소행정과,02-2147-2840,2022-12-12,3230000,서울특별시 송파구
울산광역시,중구,특수규격마대,매립용,생활쓰레기,사업장용,0,0,0,0,0,0,0,0,2160,3480,0,0,0,0,0,경영사업팀,052-290-7657,2020-07-07,B553013,울산광역시중구도시관리공단
경상북도,고령군,규격봉투,소각용,생활쓰레기,가정용,20,0,40,0,50,90,180,360,540,900,0,1350,1800,0,0,환경과,054-950-6524,2021-10-21,5200000,경상북도 고령군
경상북도,고령군,특수규격마대,매립용,생활쓰레기,가정용,0,0,0,0,0,0,0,900,0,2300,0,0,0,0,0,환경과,054-950-6524,2021-10-21,5200000,경상북도 고령군
충청남도,아산시,규격봉투,소각용,생활쓰레기,가정용,0,0,37,0,55,91,164,319,0,774,0,0,1547,0,0,아산시시설관리공단 환경시설팀,041-538-1921,2020-03-03,B553452,아산시시설관리공단
충청남도,계룡시,규격봉투,소각용,생활쓰레기,가정용,0,0,0,0,0,120,240,470,0,1170,0,0,2320,0,0,환경위생과,042-840-2484,2019-05-16,5580000,충청남도 계룡시
충청남도,계룡시,규격봉투,소각용,생활쓰레기,사업장용,0,0,0,0,0,120,240,470,0,1170,0,0,2320,0,0,환경위생과,042-840-2484,2019-05-16,5580000,충청남도 계룡시
충청남도,계룡시,재사용규격봉투,소각용,생활쓰레기,가정용,0,0,0,0,0,120,240,470,0,1170,0,0,2320,0,0,환경위생과,042-840-2484,2019-05-16,5580000,충청남도 계룡시
충청남도,계룡시,재사용규격봉투,소각용,생활쓰레기,사업장용,0,0,0,0,0,120,240,470,0,1170,0,0,2320,0,0,환경위생과,042-840-2484,2019-05-16,5580000,충청남도 계룡시
전라북도,김제시,규격봉투,소각용,생활쓰레기,가정용,0,0,0,0,0,100,190,360,0,890,0,0,0,0,0,환경과,063-540-3165,2018-08-09,4710000,전라북도 김제시
전라북도,김제시,특수규격마대,매립용,생활쓰레기,가정용,0,0,0,0,0,0,0,360,0,890,0,0,0,0,0,환경과,063-540-3165,2018-08-09,4710000,전라북도 김제시
전라북도,김제시,김장용봉투,소각용,음식물쓰레기,가정용,0,0,0,0,0,0,0,470,0,1150,0,0,0,0,0,환경과,063-540-3165,2018-08-09,4710000,전라북도 김제시
